state,attributes.Price Range,business_id,full_address,categories,checkin_count
NC,2,xkrhaKM1YtiLEcorBI5zcQ,28012,AllTypes,5
NC,1,EZrCQtZxiEo1kkAYt2EQqw,28012,FastFood,15
NC,2,HPcrrz8uipPQyK-5zd6w9Q,28012,Italian,10
NC,1,cbLaFQJOfzDy_TxMkPee9Q,28012,AllTypes,6
NC,2,W-2Tuk4uWYm5BsdlWju8wg,28012,AllTypes,26
NC,1,Gz2bNUss7Y_dyy_lRtVGEw,28012,American,4
NC,1,c-Pa13Lq1eB0VwLVoyJ7lg,28012,FastFood,12
NC,1,vtJAnB4gBgTJKv3mOnOF_w,28012,FastFood,10
NC,1,qJTHaHFKQIKXKX3I17Nw9w,28012,FastFood,21
NC,1,JkF2CPy63ivoK1FUqprQ7w,28012,Asian,12
NC,2,OkV0BMQxRRYJ5t5sbeU93A,28012,American,73
NC,2,qYuSoVBS_1i_btLzFefDeg,28104,Italian,17
NC,1,5vLVIomtminS_q8itJquEQ,28104,FastFood,14
NC,1,HlvPa_iypwt5RwUHl-Dz3g,28104,Asian,3
NC,1,2VuPoaFPktvtAqTX_Fzc-A,28120,Mexican,28
NC,1,jyF0rwmQEIdDWVtP5vlf3w,28120,American,61
NC,1,7F9e41xxk8Ipjmoou8C20A,28120,Asian,10
NC,1,Z2ks3quiwbkMDY1sVDW9OQ,28120,FastFood,3
NC,1,lX3XYcMWoRlHjrmkoGNefQ,28134,AllTypes,24
NC,1,ji0VxQpFQvzzYMy9fY5fvw,28134,AllTypes,14
NC,1,friprEn-aT_WmhmIF3pGmg,28134,FastFood,58
NC,2,2_0P2AmSSFtPgddio0MgYA,28134,AllTypes,372
NC,2,BO0zz8gort7o-6KuecIv3Q,28134,American,101
NC,1,_Bz6YWNI5bi0gqQI4GLvqQ,28134,American,178
NC,1,DLvH3Ck9R8fO_I89maDNIA,28134,AllTypes,5
NC,2,SVKC_-gIQFkHElZ6bFsE6g,28134,Italian,146
NC,1,l2ynPEBj9S_yN9gjg32tBA,28134,FastFood,28
NC,2,AUDuCSWYzzRP3H2w7TxtuQ,28134,American,137
NC,2,Gw5POFxBRoJxN_ZYhk6lgQ,28226,FastFood,39
NC,2,DE_11y6_vCmPBlbeYskh-Q,28134,American,45
NC,2,4WsTFTH8GgnyFHwrH9nHzA,28134,Italian,148
NC,2,QMZe84KFyZy0IlCBb1v91A,28134,American,26
NC,1,PVooCeYIrp9E2rtrL4R98g,28134,American,24
NC,1,WqPjIMFcT9RTMUumaCvGsw,28134,AllTypes,16
NC,1,D6sriF-ak-e5D_MTsPc3wg,28134,FastFood,9
NC,2,5p3Tqyp19UowO0-dAFvxMw,28134,Asian,34
NC,1,T1jYZFB_7cqdhuvzpxfFWQ,28134,AllTypes,81
NC,1,LT0AgHTpDifuHSXgyLmJwg,28202,FastFood,59
NC,4,USdRzNk14UdjZWFgBJb0wA,28202,American,14
NC,2,ePP0Eqz8JKSbtdt2phiB4A,28202,American,422
NC,1,ASwN3Ih0Eh1oH0npLbzVjA,28202,American,114
NC,4,Lt9o2RmacVY2L-IWLA8uTg,28202,American,106
NC,1,gpCtDCSXIoQx70cq9itfNA,28202,FastFood,85
NC,2,-6JY1T0w4XETux5kGOj84g,28202,American,189
NC,2,WuCcv_Dyd_1B_1-4jwK7sQ,28202,NightLife,552
NC,2,rT-iPtIXMKj3dTcl87lbOw,28202,Asian,112
NC,1,6eOtk-hsb6uz_5FTsb4tkA,28202,American,16
NC,2,4glD2-evDFddHjQaEVpCPQ,28277,Asian,38
NC,2,ym9QwkmB5ZKTyj7q5huTDw,28202,American,509
NC,1,OkPX0a9PUrhr6oNgE_FB_w,28202,FastFood,19
NC,2,QMX1ssofSveU3qhVAKLnXA,28202,Seafood,17
NC,1,XzhsJecsCYj-Wc32zOWqmg,28202,AllTypes,8
NC,2,9fxTX1uyyYF4ugx68AG2sg,28202,American,41
NC,1,utyqO_IVBAN8ULZmi52XaA,28202,Asian,16
NC,1,9XKIFRBT-UTglX3wBGPAAA,28202,AllTypes,10
NC,1,Heon0PS3J4RGmMa-VflCuA,28202,FastFood,117
NC,2,mpDxBBGywUE6GRRKja3sBA,28202,AllTypes,712
NC,2,6ICGve6UyGPuLaGrKQBVuw,28202,FastFood,28
NC,2,NTfUFk8GyOLL1uPbEO-pVg,28202,American,361
NC,1,_CFgU43jk6pX1cm_Nc1vHw,28202,AllTypes,8
NC,1,e8kqqWU9247Nn5VAF5sDkQ,28202,Italian,73
NC,1,SjsguOTm7kQ_B3QcfHH-3A,28202,American,12
NC,3,z24h6ZYnZiWjlDTuLXG9jw,28202,Italian,91
NC,1,WYnveDiSEXLCeNkLZrXibQ,28202,American,13
NC,2,EwuvZCcVHkICgTbqCEjikA,28202,American,96
NC,2,6SxAOEXHzNjWQMQ9Nnos3A,28202,American,89
NC,2,kAid56AY_laxGYslMdsYJw,28202,Italian,292
NC,3,CChwRoYVXA3QZulS8a6xOQ,28202,American,304
NC,2,t5l-H2KdY4MQgLDMENz9WQ,28202,American,46
NC,3,C9CF7p53Y0L5ErKRhhFhng,28202,American,45
NC,1,-R7uChoaVzwNvPNMT1gOuw,28202,American,36
NC,1,nkNdTqpv1m5GBKx8xrpluw,28211,AllTypes,24
NC,1,LUylwiKNsS7_iumytRgAmw,28211,FastFood,188
NC,3,TLrX4FECQDFz-E45TI_9ow,28202,Seafood,52
NC,2,e5J3s-xxs1S6PPHJhldBEA,28202,American,122
NC,1,DjnNu1sWHEJpNBnW7CSdzA,28202,FastFood,16
NC,1,qqVmZ3H7j06pcJFaSA4pcg,28202,American,31
NC,1,4-B5ou1FbGVjVEQd3FAoIA,28202,FastFood,27
NC,2,PowgfhnMrRKscqecHZdLzQ,28202,NightLife,5
NC,2,376PDtBpGi74Os08TvCkhg,28202,AllTypes,136
NC,4,G5dIek0rXPTHlqlJpCNmpw,28202,American,38
NC,1,v96eOvQGYHukDu_UWqNl4A,28208,AllTypes,18
NC,2,ePogmFFQkAy68Ne0VVUGBg,28202,American,6
NC,2,b856Q36EWKbwbm_XdJER8Q,28277,American,17
NC,2,wpFOZbONc7qUYz6YmBfKuQ,28217,AllTypes,146
NC,3,eaqJQP6bp7rQJQt5KqfvxQ,28202,NightLife,146
NC,2,hBscDTusN57Ai0SnkQK8Sg,28202,AllTypes,173
NC,1,d4t1qlm-mjhBmDUdboq5Uw,28204,FastFood,35
NC,1,CDH2dyRcJUDPM1xj4AD0lQ,28204,AllTypes,29
NC,1,JgGpBGMAb1Nc2Z5jVIwZMA,28204,Asian,9
NC,1,L9D9xHVgCo71ZoO1ZBGOsQ,28204,American,33
NC,3,uDoTFFud2mXE3VT1Jt9L5A,28204,AllTypes,209
NC,1,FRYCe6Yc0rPzzloSWSsl1g,28204,AllTypes,34
NC,2,MQnNtW1lHS-eid3QNUoUIw,28204,Italian,310
NC,1,n2MTry6EWZKwDxxm9-povQ,28204,FastFood,33
NC,2,nuCgH96Tfe6CFXznvmKdhA,28204,Asian,143
NC,2,MMNBgMQCdwyVoNaHg0h_QA,28204,AllTypes,497
NC,1,KT9EiMOGpAgFBwVG4GakNg,28204,Asian,16
NC,1,c9D0yUos-jGOZaUv7SgCFw,28204,FastFood,26
NC,2,oYo5e7TUAYGRdx_0rjohww,28204,AllTypes,33
NC,2,l3mzaesyc90rxXt2d4HpTg,28204,Italian,22
NC,1,8PsQqhrAH5uqJ7HODOmXYg,28204,AllTypes,70
NC,1,cibtubYc6gd8T6Y-nPPByw,28204,Asian,62
NC,1,nhPdxY-jbf-XVQ6Hq6qJPw,28204,American,20
NC,1,G3EsKzy3i-CvrEDjZzTV0g,28204,Asian,51
NC,3,TwwD5FQSe0vk1Ecp89HjEw,28204,American,105
NC,2,jTGQUWGIVvL-aY03C5BEmw,28204,NightLife,416
NC,1,YbqNbrnOEk2T0qIBbTivuQ,28206,AllTypes,50
NC,1,CE6TWiZ1hraCilyXIfxu4w,28206,American,12
NC,1,X7VdashktoAExx5ksEBLXQ,28206,AllTypes,8
NC,1,xLWe6cylMsYl_TtmC9wlXA,28206,FastFood,6
NC,3,OigTHfCur-D8Ne-bV1ngOg,28208,American,3
NC,1,rpq5pRzrVPXt9wKm17LV7Q,28208,American,44
NC,1,X-uPUUV7xPiKivsQzJD-wg,28208,FastFood,55
NC,2,MCFxbw9hQYejyvg59T44TA,28208,Italian,60
NC,1,q52H04woL1Oy1CVrUQu3bg,28208,FastFood,8
NC,2,xopQn_MCE8bSBOyhsj6pVw,28208,Italian,8
NC,1,P4r-LsB1ldgvlgli40Yu-Q,28208,FastFood,42
NC,1,crKd3Kf3YYP8znwoMvcA-g,28208,AllTypes,32
NC,1,tw3wtf5ou5TcuIvidn3cOQ,28208,AllTypes,10
NC,1,M89wkxqAcXuVMtWh91BIjg,28208,AllTypes,51
NC,2,diPvh48CJsNW0hsf9981ZA,28208,American,24
NC,1,1AXQja1QV47FGU0Jp0CSxw,28208,FastFood,85
NC,1,xP-6TN10JA_7C6-V1-JOEQ,28208,American,61
NC,2,6Re0uCzZeFxVUo8R9eqqXw,28208,FastFood,13
NC,1,cpxwd_iFG3Oh1LUMJn0rOQ,28208,AllTypes,106
NC,1,DNr2McGXQLleQkJ0zaCBHQ,28210,Italian,12
NC,1,4kM-mP7z1nP015R2Tlz1Tw,28210,FastFood,58
NC,1,wtUaFgHGHnopdYh5m-a25Q,28210,FastFood,16
NC,2,hIQRiE3UsYH7UsrsDwJwLA,28210,American,308
NC,1,ON-DoD4En7AdUIXVhTG5hg,28210,American,4
NC,1,WkD7OrSIHLzgOQo9wQHu-A,28210,FastFood,158
NC,1,CxGK5_GoIhG9798zYPsvfA,28210,Mexican,139
NC,1,IKUVWL75eSoC71G2fBphmA,28210,Asian,89
NC,2,Y_OeiGhTm6ZEfZ1UQgM_wA,28210,Asian,287
NC,2,hODaBUYzv0AbApej_bfZ-w,28210,American,487
NC,2,4CPrhBc4Ado90fj7PG6jrA,28210,Asian,276
NC,3,1gKBusJMk66ypwEKF0vOAA,28210,American,114
NC,2,s-cFWOk9LXXZCrm4lKpjEg,28210,Asian,128
NC,1,UzMMpUFwJhwUkHOyeXeWsQ,28210,American,295
NC,1,KLYI39LFvsPzS_2-j9qgIA,28210,American,63
NC,3,BOp3jcpYy31M85H1DLnEEw,28210,Seafood,276
NC,2,Lw-01HQDswygHvAZfwkpxA,28210,FastFood,101
NC,1,AvVRPaKoiYl1lrP8Voi0Fw,28212,Italian,9
NC,2,UFvogJEUiLSJwyx2LSz2uQ,28212,NightLife,19
NC,1,90ZdW5Hq-QHKFxLsO3T5FA,28212,AllTypes,6
NC,1,dYW2bONI4ctcpc7d-Wk9Vw,28212,FastFood,3
NC,1,KQqkkg5jaxIbdMIG4MJCIw,28212,American,85
NC,1,AL259yRTSk5jQp6C4tjSiA,28212,Mexican,15
NC,1,3IDt1SaDYwo6QKKV7gsuyQ,28212,Italian,6
NC,1,dvRLvL3naAkkQtlTz0iI-Q,28212,FastFood,13
NC,1,Lom8K4ZK5LIlRe2ZO90s9w,28212,Asian,5
NC,1,CESMPxEWnj42f4nTXV3_yw,28212,American,25
NC,2,F-e-sWfVd3eCYll3BP1QFA,28262,American,861
NC,1,-s-OW4Kr9YY3SBmRdpgFdQ,28212,American,53
NC,1,hS1ShVIy8qLrRv9VXFFcww,28214,FastFood,9
NC,1,p_HFt0I92MHDNPWvdtyEBA,28214,Mexican,149
NC,1,R2Ej1vlJyZ__BOLF1uMqpw,28214,AllTypes,16
NC,2,z4KtKRuuwU6eJAI68ChE-w,28214,Italian,3
NC,1,KpJeQaB0ca6k1-Wdduokqw,28214,FastFood,45
NC,1,QfkktmltWkPW4yZ87198LQ,28214,AllTypes,5
NC,1,0sbPpUIyTpcx90bLRsVx0w,28214,American,26
NC,2,oDEaIbq68RkKu2z_kLeMdw,28214,Asian,4
NC,1,mh1le9QGMrZLohAjfheJJg,28216,FastFood,24
NC,2,7FZ9597M9LhHXGbBD-0VFg,28216,AllTypes,50
NC,1,DPtF2QWAMllTudwSeWBbhA,28216,AllTypes,26
NC,1,5WeccFfcgqpuHJiWegAclw,28216,FastFood,21
NC,1,2iiCazdKZjFYy46FR8iySA,28216,AllTypes,59
NC,1,va9aHf7SEIfKLnvOmeavIw,28216,Asian,21
NC,2,687wG68J1XicP5YzMqKqFQ,28216,AllTypes,60
NC,3,Khv_fiHqB4JcMkzzz7yd7Q,28226,American,53
NC,2,r-pBY6vR_Iu5XhPRvPnquw,28104,American,282
NC,1,t719u5GZY0yPX4U7t5whrg,28226,FastFood,80
NC,1,TEI2iTi3qL3r0yz2Ha5iLQ,28226,FastFood,53
NC,2,c2RzHxH4DQcH4A-a5FpidQ,28226,Italian,25
NC,1,CnQpjJ37QT75YA_OAzqgDw,28226,AllTypes,18
NC,2,IbWfpebkP64zWgc9-ZVtZA,28226,American,84
NC,2,i-tKO0n-1Tq6sTFUrhg9-Q,28226,Asian,144
NC,2,5pa2LaT37MOBBmUr36J-eQ,28226,American,115
NC,1,pvaUE-Cmg6k37GQ-LluOLw,28226,FastFood,69
NC,1,3IQSDaqbnqACADJWlXpRkA,28226,FastFood,67
NC,2,P0aKJw8rb0DKLaGottHEAw,28226,Asian,114
NC,2,4zr5_OOjwTdOEE7d_181RA,28226,Asian,161
NC,2,qam5QKFE2a8MQBkxznrr3w,28226,AllTypes,144
NC,2,DReLu6HuFOm4p-jYZpgQkw,28226,Asian,236
NC,2,i-cEO98lTS10WH30FyKvGA,28226,FastFood,78
NC,1,-9Zy-3vhvOtsY5u2taOfQQ,28210,American,45
NC,1,QoCjVVy4--QNyVRkzQTCEg,28226,Asian,6
NC,2,xLZilmaLXY0r-dBFaiLxww,28226,Asian,100
NC,2,f9WqdqHuZtwg41HDLSKaPA,28226,Asian,77
NC,1,jm2VltGSjXCX6Da27Y-Ndw,28226,Asian,7
NC,1,ukmUw9Lk6JjS6cndXlCj1A,28226,FastFood,11
NC,2,NHIWIA3g7oLZ5gW1tpjf8w,28226,American,157
NC,1,2kz1P9SlJNAndRkXk4bCDA,28226,Mexican,98
NC,1,bffCUYaQ4FejTfu_xFwjyQ,28246,AllTypes,38
NC,2,rg1-6A-8SKXGh_p-Abbyxg,28262,Mexican,144
NC,1,fBX9zO0TYlI05G8Mw5xSBw,28262,FastFood,60
NC,2,GNKcvMI0RyVQyEA4jNQXjQ,28262,Italian,56
NC,2,SgjcjIxsAlVkcrtLaLxtTg,28262,American,101
NC,1,JId-omv3reUpFcL0dhhegQ,28262,FastFood,79
NC,2,UUs667cl2g2SjmWcOYgCVw,28262,FastFood,12
NC,1,hlME5-P2CudNDCUSIX2cxQ,28262,FastFood,114
NC,1,M8CC5_9vEvt1yOI2pnkvKA,28262,FastFood,23
NC,2,CN6AB-R4OLsKxFhQ1Kk68g,28262,AllTypes,163
NC,1,qC21Nl_OUfTr_xf8ZjzOcg,28262,FastFood,101
NC,1,zOY-W35waCcBWDmjX7_MFQ,28262,FastFood,60
NC,2,qZ1bDtcercwUw4w7trpVjQ,28262,American,118
NC,2,98hOHm56D0Boz2LCg0-irg,28262,American,43
NC,1,P9aM91bY6XHOY9ZfaLUYqQ,28262,FastFood,49
NC,2,KxJ5DRcSo83N-GW4f_gMQQ,28262,American,61
NC,1,tuR6sBN9IwyLEg6KiuEXTQ,28262,FastFood,31
NC,2,1PSnPPFVfp03iPfJRPWWQw,28262,Asian,163
NC,1,6SWPWj74qF_pEVgDM3-IpA,28262,FastFood,166
NC,1,rHl7fCXz78i89rEaflTPvw,28262,Asian,58
NC,2,3xdV-7di_YD3MVqs3Pa7-g,28262,FastFood,157
NC,2,hvhogN-3cMny0Nrqbsjpkg,28262,Italian,91
NC,1,7rsMIEq01gE12F7iRdzLEA,28262,FastFood,86
NC,1,_naNO-mZQjTav4iLf5TFmA,28262,FastFood,3
NC,2,UvuUOiP0oIgJ2H_8J6h6Zg,28262,FastFood,17
NC,2,i3HfmM-evIOLpJ2wuTZVKA,28262,American,90
NC,2,RbUCjIvGtgPY_cT6MJYxmQ,28270,American,40
NC,1,xH9zGlw85wE3q5YJ5D230Q,28270,FastFood,7
NC,1,n_t3HHkoR3TXomoBOcVZaQ,28270,FastFood,22
NC,1,3LUpNAPfrbG3jOQgFGfquQ,28270,AllTypes,21
NC,1,ZXl9KGsv-VEoDKCC_08j4A,28270,FastFood,22
NC,1,UzbI1Da7X23bDLwPluj5Qg,28270,Mexican,8
NC,1,NKDeqe-I2dD1MAtumoIyYQ,28270,FastFood,5
NC,1,O6fEzyH0fRP7r8IbSnCgoA,28270,Asian,17
NC,1,-2NCvK5807Nxs9GUb2Eo1g,28270,Italian,26
NC,1,Ylef457BBvxuv7wq-20lkg,28270,Asian,7
NC,1,51Tvv-QOiFeEcELzDuO1fQ,28278,Asian,36
NC,1,AzW6M1E6KcrTDpQ0DkRt9A,28280,FastFood,123
NC,1,iTjwgc3rHS5k3GptqIp2Uw,28282,Mexican,98
NC,1,JmL5yzi5VJjcvzdsk-h7Ig,28027,AllTypes,39
NC,2,BdJxCDS_FG_ICbEKssrLdQ,28027,AllTypes,55
NC,2,iSIOHkFAh5-j9J6VUTDcww,28027,American,70
NC,2,11_Py0PMSwvnok8K9I3AgA,28027,Seafood,248
NC,1,-Z-I5r3zpDSp1RPFr0A41A,28027,FastFood,106
NC,2,uSGhhtOXRfDxq3l-UC0IYQ,28027,Italian,186
NC,2,2DDY0JRc8q8PApPEPF-vGQ,28027,American,98
NC,3,gFwLFAWDBttqqq-6wpvBdw,28027,AllTypes,29
NC,2,DvVSPUhnEnAy3Cm9k12cBw,28027,American,96
NC,2,YWkH80nb-D2wPARF6j7soQ,28025,American,128
NC,2,yGWjaYeSJ9O_LGlQwu3QCQ,28027,American,62
NC,2,T7QTFV33o5r92Ny34a_HxQ,28027,American,68
NC,1,WieJvOCmz-hqfIxdvvvsng,28027,American,38
NC,2,hOcmFy49BErFtufa40Kfdw,28027,Mexican,144
NC,1,_BQ5JOUWDRgBXNylMSVpOw,28075,AllTypes,37
NC,1,f-bsqmSQhOKWpLreDQSWyw,28079,Italian,70
NC,1,YLgdpJH_ggo5e2MVpV44iQ,28079,AllTypes,7
NC,1,FrmxC1eFAlBak9uhf_H24A,28079,American,31
NC,1,0QYucq-OkyThZzGdhONSHw,28079,Asian,5
NC,1,HGBc1DBXYNU1d9suU_7fAQ,28079,FastFood,14
NC,1,GWHU97SS-O8yUvFvANjHaQ,28079,American,32
NC,1,BLh6-Vx-mvp91YqWl9SHiQ,28105,American,20
NC,1,JXAIb_xnWnsbNAzkiTSa7w,28105,FastFood,20
NC,2,BNweK7pzxuuUroi8inU_UQ,28105,Mexican,156
NC,1,-I-UTl6NN6FJOJCcyei0wA,28105,American,76
NC,1,QXN_L3rVNYtCzKiux7rcDg,28105,FastFood,16
NC,1,0FQ8Kj6ZITbN8lrlIZOugA,28105,Mexican,64
NC,2,w40G2sc3pZc9-puovMk97g,28105,Seafood,133
NC,2,9RP4fZf3ZYvwtB4EkbHd4w,28105,Asian,9
NC,2,zCWxbKIX6vFlPIqlZso0Mg,28105,American,61
NC,1,vXE2s1dVvp7r0hK68juugg,28105,Asian,49
NC,1,1OkZfDe0FqTPrvH1EG2knQ,28105,Mexican,35
NC,2,M6546bwsz9XcwP0c71keIQ,28105,FastFood,33
NC,1,Naj_zcvl1jwORIGv-TDbog,28105,American,63
NC,2,mHFzBhhqDKyMRhM_wZI9Lw,28105,American,52
NC,2,11EgWgfvmtToc2lg3DFo4A,28105,American,75
NC,1,IB9lWC8oynRP_glTWIscaA,28105,Italian,10
NC,2,KdSJITuZhQmuQv5NyXpHcg,28105,NightLife,124
NC,1,PLjDXgMqReF1UaY0GsGJtA,28105,Asian,10
NC,2,IgtucoxwDOo5yHV-tqXvRA,28105,Seafood,117
NC,1,kjUmuScUubdQ9xzfvAT8mw,28105,FastFood,70
NC,1,j2vhZd0f9cwVL6AbQPNEng,28105,NightLife,11
NC,1,Wdr_1hlMGB6jtzjyKErMrQ,28105,AllTypes,7
NC,1,e4ARfI4n_TGGS2rTdDrR8g,28105,FastFood,10
NC,1,L0mp-XCQmQTVofyDKRG8mg,28105,FastFood,9
NC,2,Ylc912KiXZkmlxY3b2lC7Q,28105,Seafood,10
NC,1,wxVPOEVd8wCZ7Tp16izkhg,28105,AllTypes,20
NC,2,i9nezIaHCoswCBSLCABkpA,28105,Italian,109
NC,1,G0a9otwjPEhpDIpYvmr7xg,28105,American,19
NC,1,rIySoGqQ4trrrOsagcDB5Q,28105,AllTypes,24
NC,1,j67xKf0ofsDPcQ079ozMbg,28105,American,41
NC,1,wgNl809rE3kToLmriILkkg,28105,American,8
NC,1,tNwqDzmE31YlSQ0eA8e56Q,28105,FastFood,3
NC,1,aQ7UI3BIDR35BxmtahckZA,28105,FastFood,73
NC,1,yvNnNl1DqVRmVuvCBytxuw,28105,FastFood,68
NC,1,dVaJUnxuKCDmkWLednTKtA,28105,Mexican,21
NC,1,XJK9_0zBGjWRXADpQKCgog,28105,FastFood,49
NC,2,1olAT5l8ZiKLVavyWkeElw,28203,Asian,371
NC,2,aRSfth72sJgpSN2P6rm7sQ,28203,NightLife,101
NC,2,gV9IOJ2YFSfTvg_IRjyHAg,28203,FastFood,166
NC,1,_h-wWBfKI_cRnnOB5Bkgag,28203,FastFood,92
NC,2,ROQQk4mCm4_tebvTEGjhEQ,28203,FastFood,482
NC,1,-LHHCgIUZy49sUU4j03T2w,28203,Mexican,373
NC,2,MDvjaN-ygRjaakP3ier8Ww,28203,American,147
NC,1,ZZdCN4JWbON8GyJB5FDs7w,28203,FastFood,37
NC,2,p0IjTgzRuUXKFtdWNFFg6g,28203,American,170
NC,3,wr7ccnf1bTZeHaqYoOyjtA,28203,American,325
NC,2,XiUxS327vVkwWtR2TgpxLw,28269,American,3
NC,1,WUtPI9rJbs7ET1gPhULnDw,28203,AllTypes,222
NC,1,xJX0u3s9AJOUBDpXkt1zMQ,28203,FastFood,179
NC,3,iVTDzzvxHgv6kBSdfCSSoQ,28203,American,254
NC,2,RrN4MxdYvn274w_TCBTTWQ,28203,FastFood,447
NC,2,xmA5ZYJPzt0-Gyim2rynjA,28203,Asian,246
NC,1,GjsA7N1j81TjBt7hT5H4YA,28203,American,130
NC,2,_mrGYF6uScU24LcwshEqCA,28203,AllTypes,135
NC,2,EOu5kwsz9XPyq5r-eWrOFQ,28203,American,322
NC,2,yTz8_GylkgCkuiBjSz8mIQ,28203,American,295
NC,1,c_ZoCRssEFl7cKul3Wzm4Q,28204,American,401
NC,1,G9qXYa0cQsj8Kwg2PXZ3TQ,28203,AllTypes,75
NC,1,N31_Aw9VIOufgH3VtTBUbw,28203,FastFood,154
NC,2,LxCf3sDhSiOWH_xJTQfFkg,28203,Italian,227
NC,2,FTDaFgBzkJBAChfT7OIuUA,28203,Seafood,169
NC,1,IcyboAdccBgNAVtJo4OMQQ,28203,American,56
NC,1,JAlSA6XsscWZEL70JdgFYA,28203,Mexican,134
NC,1,eNYj1h-K66IunsDKa13bUw,28209,FastFood,44
NC,1,z-R68LIoRg9HH73TswMkHA,28205,AllTypes,32
NC,2,n5eQnMnVVt3FfrFENYoU0g,28205,Mexican,1015
NC,1,QJV9AxLMwCV5qYCOpItDqw,28205,FastFood,83
NC,1,ioXu3MhPt_v8f5wTWJX4ag,28205,American,1018
NC,1,pNyqk-HCo3SXPPppi04Bag,28205,AllTypes,542
NC,1,0jye3EpGbU3dFe4yf9pxzQ,28205,Mexican,7
NC,1,yT3OITYWbjqKM15mGNXmyw,28205,American,228
NC,1,d3-h8QpXoQnUlC9nt55HTw,28205,American,301
NC,1,AVQpj1ufPWYBVzEC-fYwYg,28205,FastFood,7
NC,1,24Qlwel3zvrkNX9zMvBJDg,28205,AllTypes,793
NC,2,MGDuAYuyDJd-J-sv0wNoSQ,28205,American,508
NC,1,J4rHIg3Ddd0oXPVrzPN-wA,28205,American,41
NC,1,a2N3J1WJ1vWkqrAXrlB9Og,28205,AllTypes,8
NC,2,NQQ6Kc9NdyrIujz0s0-Ebg,28205,Asian,33
NC,1,WY6YDghPW55gIyp2hTCv_A,28205,AllTypes,19
NC,1,N32s_4NdIsmdnA6oy_t_TQ,28205,FastFood,76
NC,2,vlgMKI-Pi5KCaYqKB0aWIA,28205,American,43
NC,1,Mtp4pMgIP9nXqq1UCJjgAQ,28205,AllTypes,408
NC,1,IY7_UYwQmoyNDQPLPQ-lbQ,28205,AllTypes,26
NC,1,FdBoYwB90oxGrxmSh0Ko7g,28205,AllTypes,34
NC,1,sH2nJMWutcLwqUn23tR7Kg,28205,FastFood,9
NC,1,hJLAPn1w4bGniRR-kdyI-w,28205,AllTypes,270
NC,1,C60h41YGl1W77QOAgOm4MQ,28205,AllTypes,185
NC,1,PVM0CqhA6geX3m6u2VXbpw,28205,AllTypes,66
NC,1,ncYJ3e7Cd0ule7vbFnJBKw,28205,Asian,19
NC,1,-T8O1amt2U6zp06FH-8n9w,28205,American,3
NC,1,fl3zNyk-m_B9NCgIcvJNiQ,28205,FastFood,9
NC,2,iF_Ox8TPLwjqy0WzyWFnmw,28205,Italian,121
NC,2,S1Q57E4J2cmQc9AQqrhbhg,28207,American,114
NC,1,HRIvgh-RmGcaMyz8oT4b3Q,28207,American,3
NC,1,LnR1pj4nLEXNDSbY09Jnng,28207,Asian,42
NC,3,-5As9GrKDboz5N5eA2HRuA,28207,Italian,11
NC,1,IMEB724RormQyKV8PvnvOQ,28207,American,25
NC,1,Gfke1AcTzc2nlVi1rftrTw,28207,FastFood,74
NC,1,YKVNzbuGpgszyG5OuFHU3Q,28207,American,90
NC,2,yzUjuBvj9hDWLN0ZIUYobQ,28207,American,20
NC,2,FiSp-Nqfpz9dHuVLcAEK4A,28207,Italian,27
NC,1,_UYJfg5GbahLiEDU1HuQhQ,28209,FastFood,92
NC,2,t3biB9BlC201XRUNjG28rw,28209,NightLife,251
NC,1,Po3kpjcdRfLgtMUhmoK9Aw,28209,AllTypes,298
NC,1,tNe-WsHegIjEVWKaOpc_mw,28209,FastFood,29
NC,1,9IYAuWhSUjM0Cj3DgH6D-w,28209,American,123
NC,1,kkjdenjeKshv02uma0u2fg,28209,Italian,6
NC,1,nUiGPvsAAAVe90hlQYpVhQ,28209,FastFood,55
NC,2,cPBjZEouopniZq328UmOaA,28209,Italian,87
NC,1,OdNwrZgfPp2Xkj8lEPMJeg,28209,AllTypes,60
NC,1,O49wgZil7BBGpEarvPg23w,28209,Asian,56
NC,1,ZfjB5Df58pT_w8K11xVMaw,28209,FastFood,31
NC,3,9wMVSKNAtQ4HFZjHNlruFw,28209,American,106
NC,1,2qkXCZLumfhvHt2gKluIlA,28209,NightLife,146
NC,1,bAJAg-uRkoGoTfFpy43ZXQ,28209,FastFood,14
NC,1,2dz6psLH_yvejmYaiq0_HA,28209,American,57
NC,2,vwEmnhJjcD8Zgp8K_8pJRA,28209,NightLife,271
NC,1,DfA7H9rpwTXJ_3GOOBqNZg,28209,FastFood,173
NC,1,9l4oJaROYM1OM1bjvmXCCw,28209,American,35
NC,2,toIpqgcjG0HhPHZCMiHH3Q,28209,Italian,182
NC,1,TRW-51US_YQbQ-ihmhHvRw,28209,FastFood,139
NC,2,5gd53htrojGhdbV1jfrU_Q,28209,American,160
NC,2,9Hc15fmqICd2ecpsSM2pIg,28209,Asian,395
NC,1,JbotgsWgGXqJexXd6zB3Vg,28209,American,209
NC,1,c0FVgLLUOh_Wnv9XfQQnlA,28211,FastFood,40
NC,2,t-L8pjvnmd-fzeeHQXMcRg,28211,NightLife,735
NC,2,lC9YZVhQHXHfN9Rkpk8kIA,28211,Asian,58
NC,1,hoR5WtHocyifHM8fxKd1XA,28211,FastFood,75
NC,1,OuncQMjAGQTcDukUG7i6nA,28211,FastFood,33
NC,1,r0youJDgoclU3JUrZeGpCA,28211,Italian,6
NC,2,NU3ATvxbS_w_9SRQHVzqDg,28211,Asian,103
NC,1,FUKkYUgsJ209GXPZ9tTPHw,28211,American,43
NC,1,90cuR5lcs2fJ2BwAA18zSQ,28211,FastFood,20
NC,3,c_5sioDSDof_hshp4_K1SA,28211,Italian,52
NC,1,zKlU3yE_5RqNd00LVJE1oQ,28213,FastFood,44
NC,1,NzUNtIOb7S2H1ymfp1gesA,28213,Italian,20
NC,2,0uq7x1_pxU1hajaIDhv3MQ,28213,Asian,135
NC,1,Z6GFHuQXqLmlabISj9uI3Q,28213,FastFood,10
NC,1,EssfLSLRxUou5uoj0LX_Kw,28213,AllTypes,13
NC,2,a_INgnfDhfsLaMG5O5QR8A,28213,Italian,7
NC,1,nu0giYqJOGLVsZLUdPwQOw,28213,Asian,35
NC,1,LH1cMyzVY6a2GpNAUCvh7g,28213,FastFood,14
NC,1,Yolbffkso5NzevoEdIBEwA,28213,FastFood,19
NC,1,SNqqdZNsC1w8mL15SHJEWw,28213,Italian,7
NC,2,8-gfKVHSaBHHCmab4dUZWg,28213,American,65
NC,1,w107r4s1U9zAWuYr7Dutww,28213,Mexican,158
NC,1,RQ5Fe5XMJokYJaBkP-i4jA,28213,FastFood,8
NC,2,8wrGl5E16vtCdznIHzVs6A,28213,Asian,72
NC,1,IqPPzSxyiuwTyfEqPU1cHQ,28213,Mexican,16
NC,1,xGF8QVmItGoVOLjPyyAYBA,28213,American,16
NC,1,pyrFpk2d4TT9PYG72Mrj2A,28213,American,12
NC,1,-1JzlIdItrARuq2JW63rKA,28213,AllTypes,70
NC,2,PvXcpiXQktpo1s1IIJMhpA,28213,American,38
NC,2,-paHasECQjUERg_zEjk5qg,28213,AllTypes,12
NC,1,xpcRPE101dLgXVPTxTzYWw,28213,FastFood,8
NC,1,mLpm1LuNJ7QWH3Tnv2B68Q,28213,AllTypes,19
NC,1,MC5Ds6rbbrLE_FdIyIlhwA,28213,American,10
NC,2,hfH29cdrUrzemcq3uf6Ysw,28213,American,85
NC,1,4Cjf5Q94Rf1o2P-X70BFwg,28213,Asian,12
NC,1,Wqzx76XjqUFN8Ow3zX0cZA,28213,Asian,235
NC,2,iAiVVH_JjKlJGLw2vBKDQA,28215,Italian,6
NC,2,FujnmNjFpU5WQC1Nqd7ahg,28215,AllTypes,11
NC,1,f_wqInKORIYGIJDP-AS8Ng,28215,Asian,5
NC,1,scndbMEyHsnPMzYQaZzdnw,28215,FastFood,6
NC,2,oqL1hS934CyZc3msupQNRA,28217,American,187
NC,1,nAfOIJUSuIAwN0MiL4zJJw,28217,AllTypes,94
NC,1,UJ3qZj4oF-PyHZXhlfm0DQ,28217,FastFood,24
NC,2,x1-V3PLFEOGgvyRAWU9xvA,28217,Italian,20
NC,2,Bxx1W83ulE6VwR45HiAiLw,28217,NightLife,7
NC,3,wGABZiLIWvEPIFQUO9cTvw,28217,Italian,106
NC,1,KReObuJvV-lqgxpwb1-tSg,28217,Italian,6
NC,2,E0rdhUQQ2VjBcNb8AeRbdg,28217,Asian,19
NC,1,qiy7fxY-Vg04RY4WHXGQ0g,28217,FastFood,47
NC,1,N4CL1dZca6hV7kZ9-KDAww,28217,FastFood,22
NC,1,nBmjJEF92LPHx0uX3FpVvA,28217,FastFood,27
NC,2,Nk7rD25Nd_mbjI4xLHWBkA,28217,American,40
NC,2,eNepNrx9dzehOql6fKxW3Q,28217,FastFood,27
NC,1,OINX-uQz79nPPy1juhQipg,28217,FastFood,9
NC,2,QzCHw22PCN53f9Y53MDgZQ,28217,Mexican,236
NC,1,V_t_aaxMbqR2IWCdqi-l_w,28217,AllTypes,42
NC,2,UO9rIZ_DjkoIcCB7SWaIvA,28217,American,45
NC,1,_O9e1y02fxsywUvj7hFiGQ,28217,FastFood,40
NC,1,ta0sLqkG-cNbXZpA358YeQ,28217,AllTypes,105
NC,1,8OhcZBu7ngRYbg8r7FZfTA,28217,American,16
NC,1,82pWLAlsrdpKu8tVS2yJKw,28217,American,36
NC,1,ML9rg--hiOf0nlzyVBL9Rg,28217,AllTypes,113
NC,1,Exw4BT6b3d-cfjZqx9H1RA,28217,FastFood,15
NC,1,rdJAWaAlUbXJfSEdUPKsCQ,28217,AllTypes,68
NC,1,SyZW-aiN4fHpH18-17mvRA,28217,AllTypes,10
NC,2,_VpP18kVhdR9petT8w-cuA,28217,FastFood,8
NC,1,EPE3OL8nOMQF-TaKo5H1hw,28217,American,5
NC,2,lpomaa_on7jhU-lG4GxpMg,28217,AllTypes,418
NC,2,4kTmiAMs0OnXVLI5_OJfTg,28217,American,47
NC,1,2uJNnNYUv23qcnpBg4Wy5A,28217,Mexican,169
NC,1,6LoNRotewF81fxka6L_8Jw,28217,FastFood,198
NC,2,-mOOxacLlVpWOmIq9lvJHw,28217,Asian,57
NC,2,330OW1waJYEv7CXgcSwLSQ,28217,Asian,98
NC,2,i0rx72IqWuGOyWadGjRLVg,28217,AllTypes,106
NC,1,kCw3HUGCutOiDaBmFWYDbg,28217,American,17
NC,1,64ye6OoF_PsyCSQGspE_3g,28227,Asian,11
NC,1,vcTQNi3qj2tSWOe6Fv2XsA,28227,FastFood,148
NC,1,Pa1dew9FR3xJiEvPIRC2Rw,28227,AllTypes,56
NC,2,jzC5Y6kA58bKC2LGRHpRgw,28227,Seafood,15
NC,1,o6gRYTRJwZQXQIYfGNJQAw,28227,FastFood,27
NC,1,zMdehlbUF2FqJSqarOsi8A,28227,FastFood,32
NC,1,ryakt7RVtvPppIoLGfmURg,28227,FastFood,14
NC,1,jo2b2ETniWU9SIu_1OuaHA,28227,FastFood,7
NC,2,JncdQGHMo52NhrA8FP6cHQ,28227,American,40
NC,1,gorJWcHdUVAhiJcuAJOIXA,28227,Asian,8
NC,1,kZUrKA0yVVTTTgIGvyY1hw,28227,AllTypes,19
NC,2,23xfK-M76sWaAGgIwy5wPA,28227,Asian,126
NC,2,DKhCFh-eJV-kDjRVj0491g,28227,Asian,17
NC,1,SVZTljlQ7AB5I6ev8qC-KA,28227,Italian,7
NC,2,ptJU2je54RnziO4bfS5ORg,28227,American,88
NC,1,8aYjRL3Q6G9iJWH75mcTeQ,28269,FastFood,35
NC,2,Ac-Y4OG9TKCzh2LxIoQaug,28269,AllTypes,11
NC,1,z9qPKK_g_zujxZBslGBYIw,28269,FastFood,12
NC,1,crizYT9R8Rt69NMtHUUWGA,28269,FastFood,5
NC,1,PBToP8q81MezfE7LfJzEgA,28269,Italian,14
NC,1,VCDl24n2Bx6yHSWrfHiMiw,28269,American,60
NC,2,vAnxS2AeDy2L1wTK84PAAg,28269,NightLife,13
NC,1,2HRwlEmWi-WcLh9uVQ1fsg,28269,FastFood,11
NC,1,IrTmU9AVHZ8fyYS7qu9QWQ,28269,Asian,24
NC,1,QPRCns3TDah097cQbE6wlg,28269,American,55
NC,1,E_Fa3vrMxivj92_WIyVy6g,28269,American,9
NC,1,ZWi7jD_5p4JtAZvYsTIPXQ,28269,Asian,10
NC,1,nEVMCVSVbgtCpCDaZWRwiw,28269,NightLife,22
NC,1,2XTcAcbJ7O0LKjUBto726A,28269,FastFood,56
NC,2,lKrlSZON-EK41iiIKruDCw,28269,American,66
NC,1,UaqG2RIaDRj1A4ZHZYn1_w,28269,FastFood,44
NC,1,L-eohqlSFT2eWxR8JLY0Og,28269,Italian,134
NC,1,52WPfS1oskr_daXkwekWZw,28273,FastFood,148
NC,2,CFHGxlIXeVFWlCptBHgOeg,28273,American,161
NC,1,WSYVq5V75-pWdZq2NpMmiw,28273,FastFood,45
NC,1,i2gPLBDb44q2kq3DayJUBQ,28273,Asian,5
NC,1,FdXRNSB6GDN2JQSy-0zdlw,28273,FastFood,35
NC,1,Uzwa_6F_b_URQ5YlOIDnXA,28273,American,19
NC,1,upmamEhHTfEdop4iAjnwuw,28273,FastFood,58
NC,1,wR_Q3jad0QuBwrzUG34m_Q,28273,FastFood,13
NC,1,9dRZHK7Y8gWfkEyfQd8Yqw,28273,FastFood,159
NC,1,abEqkPpyM5QcDxEjIJTMIA,28273,FastFood,40
NC,1,M5gpEDFICJb8cT8YpMO0lQ,28273,Asian,8
NC,2,S7nvXlsZk1metFA6HhwlGQ,28273,American,62
NC,1,bAQGmZxPLmlc4sRgzx-Haw,28273,Asian,6
NC,1,HsGry4czz08jD7EJ5e4Jog,28273,FastFood,25
NC,2,hogySNyo5UohpTNc-Tw8-w,28273,American,120
NC,1,FduYEQY_jeBgfIT2wAVSiw,28273,FastFood,92
NC,1,LvuoCzsUGiQUk_ENWCoutQ,28273,American,77
NC,1,jsXcQiRua7OuCApuJuaAsQ,28273,FastFood,36
NC,1,TfNCWOnzCF47jM7RyPGNhA,28273,American,18
NC,1,nE0y2QYBRs8gIEFUxD2jfw,28273,AllTypes,38
NC,1,BiWJOv2xVWPO3rwtv7u0Cg,28277,FastFood,18
NC,1,oAcmLvOzafWHM4Gl9GFEAA,28277,Asian,16
NC,1,WZza4L8YDhDgVMx7DEBfeA,28277,FastFood,56
NC,2,cHvKHnaoeqRkSuiOcyEBQg,28277,Italian,14
NC,2,-fQ_iOKl9wIYwQtkwc7JJQ,28277,AllTypes,94
NC,1,r03Hj3-XHNpSrv8ZpOn26w,28277,FastFood,128
NC,1,X-tswlarhZb7D7lgls5ZZw,28277,FastFood,38
NC,1,kBnLbJcG8JLlxEuPhw7kNw,28277,AllTypes,61
NC,2,QVesm87d7Ibbe7qKTSRpow,28277,Asian,43
NC,1,kWucMFuGXLtu-PVvWqIgCQ,28277,FastFood,73
NC,2,mFKth0ZgYFvj8srrW1Xv2g,28277,Italian,102
NC,2,FlZzOE9F5c3eexjDd7FqGg,28277,Mexican,67
NC,2,v3ckvfQuLlwkdghtEUqizQ,28277,American,82
NC,1,1HmLi5NNs0_FDYYxBgRxzw,28277,FastFood,18
NC,2,DlD95KM4cCjGGi_O_aX0tw,28277,Asian,4
NC,2,GYb6yFYJjDBNYcHM7vX5vg,28277,American,209
NC,2,PGEcewIyTpHY4AgJGcW94Q,28277,American,391
NC,3,F6dSpfz4w-BoYARFnNcFkw,28277,American,55
NC,1,CSkeUZmxBzW-qeeTVLEjmg,28227,FastFood,31
NC,2,IEDORY_45gi-_X3M_k4lLQ,28277,Italian,101
NC,2,S_R1pls6874mHYKcsxWtEA,28210,NightLife,51
NC,1,8fdAV6RBQMmLadkOzGcU-A,28277,American,70
NC,1,Gz9jnM72ouoKcfGtwzrR6g,28277,Asian,29
NC,2,3EDCh1Wssaak6D7OXx1bqA,28205,American,342
NC,2,oQOo1rebP4bieLEEoVHbQg,28210,AllTypes,189
NC,2,Rlbb5bQ1W520xjkLaD9OFQ,28262,Asian,247
NC,2,6AzXPSXxztBnGwkToG3jKg,28203,Asian,849
NC,1,TvLh1fGA_eN7z3-UIPFDXw,28205,Italian,165
NC,2,5xk2-s_QsnHZxycl5yQ4Gg,28205,Asian,185
NC,1,MOGTTOxyzfDCj2W5RR7__Q,28215,Asian,37
NC,2,c7pNpJMmvRXBpC_8kj76nA,28215,AllTypes,280
NC,1,II8GXVQpwTLrp09zc8zNYA,28217,Asian,15
NC,2,oQnEBD0vu7XjJpofArA5aw,28211,Italian,398
NC,3,r9I-6Je0ZtPuPtX7M4CRVw,28204,American,122
NC,1,QNTxVarc6-c93ICqHEC_-g,28262,FastFood,187
NC,1,Qis-foTefAEG4Ut7UIEWKA,28205,AllTypes,31
NC,1,_YXBQ5Z75ZVlSV1HUtXgBg,28273,Asian,77
NC,2,At5QunMaG3ExLZYEWHZP3Q,28209,Mexican,525
NC,2,x98vOAFB3nBZEirsHwVY3g,28262,AllTypes,309
NC,1,BUEeOKuTJc4uZAp1A2dEhA,28202,Asian,34
NC,2,gRx81xfSAoT-fNYIqBYolA,28203,AllTypes,1251
NC,2,L9AlMDqwlKpVDFTcSIw4hA,28204,AllTypes,93
NC,1,mNxRywpHH4r9JSNDbo_cKg,28027,American,204
NC,2,34FswFM28xpuNp3SmFVxeA,28262,FastFood,76
NC,2,Y7uV0B860k14puWuYWuLow,28209,Seafood,113
NC,1,0L-d_BgUto2XJnuncUEpnQ,28211,Asian,94
NC,1,MUPWRBidG0_EQC9ey4-xKQ,28212,FastFood,32
NC,2,352PyQvZXioNgmETfb9FZA,28227,Italian,24
NC,1,QlNXfJnMhwQYboL3_Tp3UQ,28227,Asian,12
NC,1,1rtp8yZW8fI1Y3C8WxWthg,28227,FastFood,21
NC,2,UJuNE5RPA-tbHowVEkuLpg,28216,Italian,188
NC,3,W33EBdIVWmr01_vBk1JjVA,28202,American,3
NC,2,JAgOcvH_sGUAX7NvD0-Uww,28204,NightLife,365
NC,2,vyc1Bm_b-0sVGpwLRFlKQw,28277,Mexican,103
NC,2,3C-tuH9X6x5PqGDRYn83uQ,28288,Italian,225
NC,1,7A5-bIWh6z4NPUuhGthBIQ,28277,FastFood,79
NC,2,5LVR-0X-12SE8Bu4XFRZlg,28262,FastFood,61
NC,1,awgH-AOkuEX22F9ObdVHIA,28277,Asian,342
NC,2,VKNH0yrFpSsaa1mf-V9gog,28104,American,107
NC,2,k9JpdrfeJmmgV5Op44stvQ,28204,FastFood,420
NC,3,o6sEssczGvamVbyN0_D9Sw,28203,Asian,264
NC,1,CkZGGAx9Atvcmchkh7DLrg,28203,American,274
NC,2,zIsBAFwo2ksynT2BdlhNhQ,28205,AllTypes,164
NC,2,33Yx4cpIPS32Bbvm2Aeo0g,28262,FastFood,197
NC,1,WHq-tdPQ9-6WAgWwbUhgHg,28203,American,417
NC,1,G90_hrydwP7mZEbehciP7g,28205,FastFood,496
NC,2,Uq9HDxWQLV3O0K6Rrlk64Q,28209,Asian,72
NC,1,_LYz2vdGyXsV-8b-_T47ag,28213,FastFood,209
NC,2,C0a4YXdOTlaVIa9mzT7VEQ,28205,AllTypes,226
NC,2,Z6DfLcBqRwFv86u-ddVYDQ,28203,AllTypes,192
NC,2,d3fTw1F1TLAQ97w36JYi-g,28277,American,8
NC,2,WBfJ4HBd-uCM1_0PdDfsDA,28209,Mexican,118
NC,2,zHzW66E12sDnMjETbehD6w,28211,American,232
NC,2,4Lqr7bE-ZI2uG7u02V4QJA,28203,AllTypes,250
NC,2,TMhHqj5KnkxOBR9vdM84qg,28288,Asian,3
NC,2,DfECo0OSJvXZbLKjZU9Ncg,28210,Italian,252
NC,1,RchLlXNv3HI0XCqUM8ejxA,28227,Asian,4
NC,2,yDG1pryyHScHpSas70D7lQ,28227,Italian,40
NC,2,-WZ3MCw4wOOnEJyHXw0kAg,28209,American,169
NC,2,_ULYg16ncUuhWUsACetojw,28213,AllTypes,41
NC,2,4M8E3KWiHZB6gNxMV_btAQ,28262,Asian,9
NC,1,fwE6z2Jwqh67BWB_EZ-CUA,28205,AllTypes,4
NC,2,kGuMkVyPg3CuFnIUFFkXGw,28277,Italian,73
NC,1,VC24HxKvTi_2ZVWiC3j1MQ,28209,American,418
NC,1,47_9VH3BVhJpyFtOdiCUfQ,28217,NightLife,67
NC,2,NEdZVFD-w-96pje_ajFalQ,28270,AllTypes,470
NC,1,o0rseuFlkIVBe1MBf6XeDw,28105,AllTypes,5
NC,2,d_1PFWXfyimKrwvMwG3pJg,28207,Italian,87
NC,2,kIzr8R6rd31M-RB7xfFu5w,28269,Italian,7
NC,2,stKD-HqTxDMylPonFyVdWA,28262,American,561
NC,2,rrHs5nIal2lpqMRV2Fk1sA,28277,Italian,124
NC,2,z0QwZm0lEAQVWY1TitLbVA,28208,FastFood,12
NC,2,L78JwNkiYSuBfP8U1zTB-A,28263,AllTypes,11
NC,1,9IlsUWl2XdwCzYPgyLDkIA,28209,FastFood,145
NC,2,Zt5l6Ka68O1Hukw4Eoa4Tw,28203,NightLife,364
NC,2,0K8roYiVL3c5koa5pDEBUw,28211,American,208
NC,1,EsYYJwZqo-SP82_LFyTKEg,28070,Asian,14
NC,1,X4lmTSTNeW1wNgVZora6HQ,28262,American,5
NC,2,JYcUBXur4J_gNdeSHd4njA,28205,American,48
NC,2,LOWomXdjeAzFAHLd1r37lw,28262,AllTypes,120
NC,2,kN7QE8eh5ASit2xv5KMOFA,28203,Mexican,12
NC,2,insXEDgLWz1VPw8UlNSw3g,28106,NightLife,14
NC,2,HuewLVDas2H0q0TqcnmprQ,28204,Italian,457
NC,1,Y1dePwQ8KOK9YOBKeaWbcQ,28209,Italian,59
NC,2,wINwaJCtSPsE3uJKUtzgLg,28263,Italian,120
NC,2,watqY4fLMJTqs5UgItegGg,28269,Asian,87
NC,3,UTt11gZCgDL6F9IVyQDejQ,28210,American,126
NC,2,TQU6uoswhbcI2Mj3EV505w,28277,American,212
NC,1,PJkRmyyViSF5ixIlw-E2KA,28202,Asian,106
NC,2,cprZbtylUX1f07OkEqlNDQ,28208,American,134
NC,1,tMjTbuopXTGRlFefEkJriQ,28277,American,220
NC,2,EIysqQxj2eFxQc3RNZ6slA,28263,American,184
NC,2,avmPDHiZlkXqoX6Wk0qbBQ,28204,Asian,82
NC,2,EFTjNyDBuA10JPAIm2-BCg,28277,American,80
NC,2,1x6MlFYhRSzbGZ_E7kICvQ,28263,Italian,91
NC,2,Em_hb1jgu0bJTU0Ly0awfg,28263,Asian,104
NC,1,f44BsrI_KRP7uAIOoj98uw,28246,Asian,141
NC,2,Ya32d6teotnIPrpFfiPxQA,28266,AllTypes,5
NC,2,i-9V6aWp4pzMYVUFnK1o4A,28217,American,70
NC,2,BdC1PNadRbZPlipU074A7A,28277,American,328
NC,1,MOKB-TVNynz4eGYx-JXerw,28105,FastFood,78
NC,2,TnUgQXUHtx8LwJSfkeylGg,28211,American,637
NC,1,e7tSYKegyqi9fa5FXrYKbw,28277,Italian,11
NC,2,CEPvTz9BU_wK45zZoQNhrw,28208,Mexican,169
NC,2,lV-Kh0fLS3KgBrpzPhC2oQ,28269,American,207
NC,3,WjVUvwDBosUunBm3uY-pyA,28204,American,159
NC,1,vgld4MlhcizQkgLfjOgpfA,28216,American,38
NC,2,2owT9j-7HXR-wtPmrIzDxA,28203,FastFood,652
NC,1,cBhjC_fmx3mlGj8AtPS5WA,28204,FastFood,267
NC,2,KmrWIaomwSgQm6uWPNt3oA,28226,American,56
NC,2,0RD2dEOZTK5eCzYT5ogH8w,28105,AllTypes,286
NC,2,1cryKcsY47JGigLuUeMsTw,28204,American,324
NC,2,4W2Ucl0d0_EK1HNYPIo88w,28205,American,676
NC,1,MAUsBxBLRN5Hm1mOP4LVCg,28209,FastFood,108
NC,1,Szn4e-sl4aLw-gDzwye7jw,28105,FastFood,186
NC,2,tivpU-VNABjNlHZ_sMUDGw,28263,AllTypes,340
NC,2,fDnLxatzITHM6fQ_QMsG2Q,28205,NightLife,201
NC,2,MV-i4L90OgXO5fFIfT4hQA,28209,American,494
NC,2,yBpHUFwzmWtBlFEFQ0-3jA,28202,Italian,78
NC,1,kAsa6h_m2C_cHS3nuSjPJQ,28203,FastFood,357
NC,2,BVFLApvdF8STtUY-pgjvSA,28202,American,3
NC,2,8xNXoIg5ZxmpCjFDM8PIWw,28277,AllTypes,160
NC,2,jVWA7we9AfBG_lmj-Q4b4w,28202,American,71
NC,2,VfBlocjjBZUAjwuIup-QZA,28277,American,91
NC,1,CSSzipUBHYzxX74-qcPrTw,28205,FastFood,36
NC,2,xfmPpyYiF_QpFPPedlgY9Q,28208,American,145
NC,2,TMhYpQaDcL8UNIKRB7Vebg,28262,American,74
NC,1,e5ri6gZgqYNe37uXGtmetg,28212,AllTypes,15
NC,2,YFw2Q9un9yGM6ZJuPUgu1Q,28211,FastFood,5
NC,2,uCQBZQcLbAxb1FKt7DHqgw,28203,AllTypes,362
NC,2,OV91RX6EY38JP5U9ILeEpA,28212,American,35
NC,2,qz_F5_jX6JKV-p0e2ug7Jg,28277,Asian,270
NC,1,5RehzFaXjuUPgLCUs6gEpQ,28207,FastFood,129
NC,1,82dWyp_Bzy41UqUTpZMR-Q,28202,FastFood,125
NC,1,yZBXGumdNh3N-gzaaU_HrQ,28205,FastFood,49
NC,4,YSQ3G8hYhShHGZNPfeFquA,28210,American,205
NC,2,ud_ij4Bj8Y_HGxi3fliIAg,28012,American,37
NC,1,C8sXf0WjOyYE8snFGYvung,28216,Mexican,6
NC,2,ckUOdIfdL9Hl5FJy5VS60g,28012,NightLife,142
NC,2,gIRXVrjGxX1ImsS0an8anA,28012,American,43
NC,1,AhoyhGxkDkejYRcI_uql8w,28012,Italian,145
NC,2,YTPD42EQMCemPmFFR3i_wg,28226,AllTypes,112
NC,2,HRr72Nty5HsLaAWPARLslQ,28211,American,170
NC,2,yPibH0T8M3EbM550S9LSHQ,28205,American,2118
NC,1,nzyBqlbKBycOhTTZ9MVuhg,28270,FastFood,44
NC,2,mQhB93IFv2QM4fRQFJmSvA,28205,Mexican,175
NC,2,595LJOiLuwQZ_xk8llJpyA,28227,AllTypes,76
NC,2,c6zeYR8-MJ6n7ApNAAZcag,28217,AllTypes,631
NC,2,sFjwAQgVH7bGxb7_Jaf_jw,28273,American,95
NC,2,lNTr33k59a_QbVLD3eKB3Q,28027,Asian,120
NC,3,5pEjak7h4e0lbZpMMyh2fg,28209,FastFood,48
NC,2,eKLZiTmWRvw576D8LMHRPA,28105,Asian,4
NC,1,8T6y70UETf-C64x-0HJTvg,28027,FastFood,37
NC,2,q1L6bDk1jfh18Q4USMlnGw,28210,NightLife,119
NC,2,zN1pDCfcvti11jinX7ahVw,28277,AllTypes,114
NC,2,bQiAU9rKpdixtFuX0OoRmA,28226,Asian,445
NC,1,r_tiu5GF0UAOiGBgbfDeyA,28277,FastFood,25
NC,2,pUy7SeNQwyZjDtnfL4hFeA,28273,AllTypes,329
NC,2,yumgsa9m02CACzq0dHZP7Q,28277,FastFood,208
NC,1,RUv_t0JTrytwsRwC7eHs8A,28208,FastFood,578
NC,1,4bAKfxF3cXWPCCzqjJTA7A,28273,Italian,148
NC,2,d9rgDxYwfghhWI6Qc6n5Ig,28203,American,95
NC,2,C_zkvtWMqDucxR1U57lDCg,28202,American,125
NC,2,CPAgXYZGlTyz7L2fvN_Erw,28202,American,333
NC,2,PvFVdkhGeVfHZdIkMBLOBA,28204,AllTypes,25
NC,2,KmALJUdnR-UGoXPXXqv9Ew,28277,FastFood,159
NC,2,OYz9KLjBsvTx7ZoGha2IPQ,28278,American,219
NC,2,xqSZ5KXTOzQNbFXYodVZHg,28211,NightLife,304
NC,2,5r9ORbK8eaSVDBiT1DaSug,28226,NightLife,32
NC,2,4xqn5hGqXKcU7_pY5lKYOQ,28269,NightLife,234
NC,2,rIKH9_A6hxDxXww-kOhnZw,28202,American,618
NC,2,hG8I8_z1ueja2jPBy0aimg,28216,American,79
NC,2,tZ1FVdbAna3lUL5LGcAa_Q,28213,Italian,87
NC,1,3ZmwFCe45219tOsQpBlBIw,28215,AllTypes,7
NC,1,7SJXX608qc0-Zgqsqh5aPg,28269,Mexican,189
NC,2,bb1B0Af68Fbv4TB0zfQf6w,28263,Mexican,49
NC,1,MtOT9iO0oRqiXCFszGC4zQ,28227,FastFood,29
NC,2,Be7qKBwWHTMZHsdiOQVjvg,28211,Asian,257
NC,1,Q6j59GySlLOrq7iaI9ySAQ,28273,Italian,24
NC,1,dE-eTfSZO1FzFtv8N1RILA,28205,American,9
NC,2,KPj3-U0TGr-AEGtzQOVaSg,28078,AllTypes,183
NC,2,41uh9gpSwCfiJuK3EaHisQ,28209,Asian,145
NC,2,mI2poz7WNXEZtJpY8NAUGQ,28210,American,322
NC,1,_WLYW4vzknVRGiVJBUy8oQ,28269,AllTypes,85
NC,2,WLg9N_3CwgQgkXcjb21e-A,28209,Asian,68
NC,2,Z1HWb-cou0CUNYeh2NAvQQ,28106,American,9
NC,2,qpQyYzKsOGgTHNFzdAUC7w,28105,American,116
NC,2,RcougGyfkKn7_qcJ4TJm3g,28277,Mexican,121
NC,2,FEh4T0fSJXiEaoHHf7cgPQ,28079,Italian,12
NC,2,0NeXPGy3_N9T4IeHde7iGQ,28277,Asian,195
NC,2,Icg2QO-uIaCP23ldXUHTRA,28270,Asian,53
NC,1,_JBu9v82faHK8WiSp-DW1w,28205,American,23
NC,4,hK6Jjs8TsEGNS8wonQFzNA,28244,Seafood,74
NC,2,K2rCE7eiSUrHKFfmq6ZwXA,28266,Italian,12
NC,2,LxUL7mZjMbVX9ZBSyyKWmw,28211,American,321
NC,1,FtoLjnmpWKzQ7BEbg7Msvw,28270,FastFood,28
NC,2,SJzjyB_qD2CjQPVU7qSsbQ,28262,American,149
NC,1,Ju3QcTn_Gl3n42vEK3P9bA,28277,Mexican,87
NC,2,vmdf5fPz58OCqMsIct-mDA,28211,American,23
NC,2,ANM1_9wIgMzKIP3Hmnyulw,28202,Italian,16
NC,2,KxNH6oVPqbAAfAoup32GPQ,28217,AllTypes,3
NC,2,z6GC2gdtR8IF-gtgErx1SA,28204,American,693
NC,1,K8At1Ewtyaru9dy02YYILg,28262,AllTypes,69
NC,3,hY0E4jeIyDgLVf7_OelKBA,28202,Seafood,215
NC,1,o1Et5KdIxv1v2qtM2Av0hA,28262,AllTypes,6
NC,1,E_oA0DsPXwlilNQmdcNA2Q,28273,FastFood,35
NC,2,pT5Ypm8isz6bn4esMIspPQ,28273,Asian,113
NC,2,aqpKYPR1wbK2tIdNN04pmg,28202,FastFood,321
NC,3,Rif-8iyIzXVlO5Adi5gDZA,28277,American,38
NC,2,QXkEddHNSM2ah_EoznE1-w,28079,AllTypes,67
NC,1,31x0JXe6pG_DaID-8N92GQ,28105,Italian,4
NC,2,MnpF_R7QAw7WDYmjgkGKwg,28202,Italian,253
NC,2,B7txe-1iQs1A2rmFMJ8uug,28207,Asian,163
NC,2,sGU0dlsT_zXBW1m_lVLsxg,28105,Asian,116
NC,2,TMrGMeFnkPBTu36O_U24fw,28273,Italian,136
NC,2,z26a2zem_gwW9tYF7POlFg,28027,American,70
NC,2,rLhbO3sH6ULbiVOyORThNw,28075,Mexican,57
NC,1,VCdE6xiouRRE1OiqBuyDjw,28105,FastFood,4
NC,2,VlXMRqJ1WozBrXbvXmXHGQ,28212,AllTypes,49
NC,2,8dttiora4SPWDowtQY4giw,28273,FastFood,245
NC,2,c1D32Qr1jAkoUx38DwBh8Q,28263,Mexican,51
NC,1,q6onqTsGCJ-wHdxCxd-Cfw,28202,American,99
NC,1,dnP5-6aYEdw2qP7giStVoQ,28079,Mexican,145
NC,1,5kn-STdORYsEIi_nFfPkfQ,28273,FastFood,75
NC,1,a3oaJfVAqaCgiMw94lgkfg,28217,FastFood,95
NC,2,UCzhVondIgHreI1ZbqWIsw,28263,Mexican,141
NC,1,gX-yJJB72zfuzJC_27IwPg,28263,Asian,155
NC,1,JdNv6vdpft5g5FJWPCCQuw,28226,American,71
NC,2,i2FTNyZ0BHgTF8vcM4ypjg,28226,Asian,10
NC,1,0mihgXu75qwqOJngkrm3vw,28285,AllTypes,9
NC,2,WCcXaLESHYJY7hjZ1asAow,28277,American,4
NC,2,6BI_-LpcCc71IXhsU3QZCA,28202,American,3
NC,2,2e_5zPhPa7NPCZtJha1yJg,28277,American,95
NC,1,qCuLRN7WvP33qT7B9GTl9A,28027,American,10
NC,1,ZEFXwwoq545HXk32_OnLBw,28202,FastFood,134
NC,2,3TkYBmVGHz-t4mc1U8Eo0g,28217,AllTypes,124
NC,2,9LHNY09Gx1OvdrBLcdjzaA,28273,Asian,102
NC,2,IMf26IW2Z3KxpuJBcqqEZA,28203,American,226
NC,2,9bW0DCsSH-fbf0YSeSu31g,28263,Italian,5
NC,1,P-LioOMioG6wmP-zh0D2Ow,28202,AllTypes,70
NC,1,4GcHDf9uxK54OOxNIRYoNQ,28273,FastFood,45
NC,1,AmJIiex2yuCki67NM4GDSA,28215,Italian,5
NC,1,Wi5UEtrgZ7MTCCoJxmDEaA,28202,Italian,107
NC,2,azn6ATfBilcbLltriyMx2Q,28216,Italian,161
NC,3,wt5vYYrzOdAghYzgGJnrJg,28027,American,3
NC,1,oD3Q7FwwBgUg_rKUFUnmiQ,28202,AllTypes,176
NC,1,q-hsairntIcaUs2BCQ07Fw,28263,American,84
NC,1,diWRbxTqoQwYIXkzipjcJQ,28203,FastFood,135
NC,2,mDaQaDpZStofYeoXHrR74g,28202,Italian,3
NC,2,OdCQiwCHdgQ5RcBUdmU4-w,28027,AllTypes,134
NC,2,J8_2GhG7Y6FjZUCnIhEjdw,28209,FastFood,4
NC,1,aRVcgle3zySWGXQ8tWmrPQ,28277,American,85
NC,2,Pu1eLP0H-ZCuBikO03KTNg,28226,Seafood,198
NC,1,ZyL_apTkiQadCcqjqjEhaw,28273,AllTypes,61
NC,1,K8NHF5J2MeW-JNebgtrZPg,28263,FastFood,17
NC,3,SHw0Ys133CurU1PIBPJRuw,28202,American,217
NC,2,DAC0-UTMKjz_mFh-cQ8EAQ,28027,American,263
NC,1,o-o6-_y9eLJ3dMHcsQH02Q,28203,FastFood,60
NC,2,mHgi91lUUK5D-UNcv8HE6A,28211,American,195
NC,2,dGU0ilZq3VhfIo9icKFpLw,28211,Italian,39
NC,1,g0OCP2j9Z-m0BrWlQ3CaKA,28205,Mexican,850
NC,2,3eCcG2anbC12_1wPxFO8xw,28202,AllTypes,252
NC,3,qZjAbsrSdu8TiHZXOFAGAg,28277,Italian,106
NC,2,we6yR1R5NTvnXAvWpqcQaQ,28202,American,113
NC,1,vSUWVBPAWFtZT88ff4TEww,28263,FastFood,116
NC,2,3oL6dqvLAeIGR4ZkDrZwBQ,28211,Italian,135
NC,2,Ht6E7-Ij2JT4c0_2hKAqkg,28203,AllTypes,106
NC,3,P0gOrXgNWmcUZ5WH-wrfyg,28202,American,207
NC,1,Ms8ahuHgzlnuUjFD2znGpg,28263,Asian,74
NC,2,D8DXsQQzAuGFlI_F0ZYJfw,28269,Asian,153
NC,1,sZPX_diXfk41qqVvXxGvMQ,28277,Asian,27
NC,2,waG6ucx1ADpZR1XoF6B99A,28206,AllTypes,68
NC,1,peHhnbMH7ZwlSA5pCYDstA,28203,American,27
NC,2,IbjylFxjJe68Y9wPdEXjHw,28216,American,126
NC,1,dn0yw0WPTsH8P0SAstDQWw,28216,FastFood,75
NC,1,GQoipuiAzh9bWuvijIODgg,28203,Asian,198
NC,2,_qvYa_VkaAZLi_k0Bjl_JA,28263,Asian,50
NC,2,y0plWo8YVTM31ohd6MkRmw,28203,NightLife,137
NC,1,5YUGde1hTOu19Jq9anqLMA,28263,FastFood,49
NC,2,zN2KzJECaUg2aXrQjylq_Q,28263,Asian,10
NC,1,Cc9-mnu0EK41Y09BQwAt7Q,28263,FastFood,158
NC,1,N8kcP57ft4V3Cj86j2iutA,28269,FastFood,83
NC,2,36-XZlXeTz66g98AxGFbig,28262,American,139
NC,2,vHAUp-I5mquYLKLmQw5LaA,28263,AllTypes,20
NC,1,2rT4LrsGGd9mjerwEWKfYw,28263,NightLife,19
NC,1,biWA-nwoxyYcHMvARR-fQQ,28202,FastFood,68
NC,2,ZqeIEOz_NvcInu7nFhA4BA,28263,Asian,177
NC,2,JeJXgEpfPfXLAiqfCVRwVQ,28270,American,85
NC,2,XQCTg-QHsasTu6f19yaDmA,28216,Mexican,124
NC,2,I6G6BbkCV86wAGE14A2ocw,28263,FastFood,74
NC,1,7N713OtnkPkS63VrWwtjWw,28202,Asian,7
NC,1,JkoFMpA2BlMUhtNsWo90RQ,28202,Italian,19
NC,1,pGJz6i4sg_upGgnT7sLzsA,28202,FastFood,152
NC,1,l7FlECFrqFssTw4lV4b2fg,28202,American,25
NC,1,QsJzYdCR2AlnvvagjejSRw,28202,American,34
NC,3,x4-_QkOY_EWMlgQSfDee-Q,28202,American,426
NC,1,QzxF-8ojGsHnyJ7LJK49oQ,28105,American,30
NC,2,eUfSEAOFhvH-3N4MEgHHCA,28205,NightLife,570
NC,1,a0r8LLyls4O0rwrsdD_W6A,28210,FastFood,223
NC,3,EzwMgcoSFJsp_BlNfbCFqw,28207,AllTypes,18
NC,2,MiswZE4QKD3Y8sEoVENw7Q,28211,Italian,14
NC,2,PdTOGCRK-ZXBYIhlHQXDhg,28273,American,4
NC,2,eNnviNV3PNvaLeP2r2NT6w,28277,Asian,57
NC,2,4xqEcCOJ4eEiedUZPE3_xw,28262,American,257
NC,1,UD0zvmqyefhV0O0PCJ_qJw,28262,FastFood,165
NC,2,JkY4UiIaYORu0Dqsxrfzjg,28027,FastFood,89
NC,1,xibL5PBnob11lnX8hS6Ihw,28262,AllTypes,22
NC,2,GpiGCaQowBfka69vLaKE5g,28262,Italian,92
NC,1,GpZGSt4wh8Bx4b5bJUbW7w,28262,Mexican,21
NC,2,cagiC2yJUldq4YKHM68Tag,28027,FastFood,55
NC,1,JfdDA_B4J8WpRdpliWkdgw,28262,Asian,45
NC,2,nDuny57RqmKpYZB1lNxpzw,28134,American,194
NC,1,c2lZc0G8CGKZMuogYlPYhQ,28204,AllTypes,60
NC,1,nhEkFy7LrIZuIXZJCxl8Zw,28204,FastFood,131
NC,2,IiO3DQj5lHtbOeXmdyd7wA,28027,FastFood,160
NC,1,57kidgI9hRxM-e7VemwEHw,28210,FastFood,4
NC,1,TQJgBjbwr222OBcYpaxoxw,28209,Asian,16
NC,1,R_D1Yg54sRfkGWxgFkel2Q,28105,American,133
NC,1,brvNWkz-N8UxO2AjpukDOw,28262,AllTypes,4
NC,2,_0LwsuDU1lG2lwFBrCgzCA,28216,Asian,61
NC,2,67MY5yf6budF8bssFTEgpA,28277,AllTypes,70
NC,2,VxL-VuW315nJwrFG7nojWQ,28209,FastFood,59
NC,1,t2xSPRbFenItqGNzgEMWcw,28209,Asian,67
NC,2,0nb7Vy-fN2c8qaqjYZGGvA,28208,American,115
NC,1,yLKugRNza2V6EZmuWImpXw,28027,AllTypes,60
NC,2,ZKkI1U5TkAEkvaEjzgBVdw,28202,FastFood,90
NC,2,YSi0IX6f2dwEky5zl3IHpA,28027,AllTypes,20
NC,1,-VB2nJHj5AVJjDoSsyYIwA,28027,FastFood,35
NC,2,SYQZYLs0lWuAjVFdUkdcOg,28262,FastFood,143
NC,1,vzjxe7mMtwlxIA9aBlxKfQ,28105,American,56
NC,2,0jj0_k5J_UIf1mQtvwmMdg,28027,Asian,17
NC,3,1Um4m8FKQHyDFXEbHxmZuA,28202,American,195
NC,2,uAv2nIoLVQYYdeXHo5X9FQ,28226,NightLife,121
NC,1,C7JClUutp2UFQl4ajjno0w,28273,FastFood,10
NC,2,jSmkZ87M4Ivv7aw_ytOuHw,28270,Italian,54
NC,2,Up7ZFJm8iCys4VBAgDhVnQ,28027,Seafood,154
NC,2,6xskJToqfybDbX3V9FzyyQ,28273,FastFood,134
NC,1,qwayH4zK9h9iC5HyUJt_PQ,28262,Italian,91
NC,2,jZkOXZeACyJp-KU6aZrQ7g,28262,American,49
NC,1,OaggbPxcgYMqOwLYn7GtBQ,28202,FastFood,14
NC,2,TYekmFz9_jSEy3LK42QlAQ,28226,Asian,40
NC,2,0KNRmt72IWxI1JLpfpLwSA,28277,NightLife,347
NC,1,4NO82pvv4EVXPlPp0ufwqQ,28027,FastFood,70
NC,2,nPjEhnjfqbno8J2qgTjfPQ,28217,AllTypes,376
NC,1,GixdZmUS3hYl9guox8remA,28273,Italian,55
NC,2,88mPrywH1ox-7ILDB0e2hw,28216,FastFood,117
NC,2,ye9yRRLNn43VqMo4Rhstkg,28273,AllTypes,227
NC,1,XcECGsRXDT9kgbrdP6k1uQ,28262,AllTypes,44
NC,2,jUeutekCBjAUw6tFiOVTeA,28273,American,108
NC,1,OgcWSVBjHLen5xORk776Lg,28217,FastFood,9
NC,2,9Wf3RHNSITQ-UW0J5jcaxA,28273,FastFood,53
NC,1,QsQZ_fl1S6ZX5-sprj-PxA,28208,Mexican,93
NC,2,vpAvqlV2uWbwVd3TSPwQQQ,28217,Seafood,19
NC,2,nNHtbAidxEUNBGwTvFLb7Q,28204,American,3
NC,1,bVyARiRmg36o5BObsnUL8g,28273,American,110
NC,2,Lfsa7476mhsBBOnDyY_lYA,28134,American,29
NC,2,11XUTAA8QO11cuyzEPVOkg,28273,AllTypes,479
NC,1,qt0Bh6qo2-zxMyFXExyt4g,28210,FastFood,167
NC,2,yocYeinkZS9PnJyzRSzsEw,28105,Asian,24
NC,2,DtrACWjoGtx4lAaNfxHS4A,28202,Asian,517
NC,1,pvApKSFKmGWSn9yP-nLbHA,28273,FastFood,290
NC,2,MwRPgayDjQkC529pXFv0sQ,28075,Italian,33
NC,2,wksfC_Dud9G8GPntOq1CxA,28211,Italian,25
NC,2,q83q9mFV7M62p8wMrtmkgw,28027,American,37
NC,2,6OJ29sauqen8BoU38lPAyA,28273,AllTypes,9
NC,2,mJfIIl-i3NYiIR9Gzs48LQ,28203,American,624
NC,2,h3B-MtYvzP3eY4fTMZR0Zw,28207,Asian,199
NC,2,aRaeSj5VgiNx78qHuGGNNA,28205,FastFood,375
NC,3,oSca4JC5kYHPr1Mhs6ZASw,28209,American,333
NC,2,G47s29YRM9T8wrnW3HRGnA,28217,American,137
NC,2,ybDCYlkelIAh5GXaliL7Qg,28262,Asian,114
NC,1,LmUsz1BW611QEtlAmUQigg,28262,Asian,5
NC,1,dBk8yOWJE3fj8AFjh6D-uQ,28075,Asian,141
NC,2,fTFgrxLjA07UdR-1PKfIng,28205,NightLife,847
NC,2,73hnj3oDhaEt46uMLhw-BQ,28204,Mexican,154
NC,1,BvacFV7Wr_dUlz3M5-aJ5w,28202,Italian,255
NC,1,8cNA6AcjsdfJAtDv39FLNg,28277,AllTypes,153
NC,1,LlDZRa9rF1E3Fql0EPcJKw,28262,Asian,168
NC,2,5isIr6INaMBDnB69aoBJcQ,28277,American,447
NC,2,ytA7CC_Tma_QFiDABLzY2Q,28211,Italian,17
NC,2,EOAhMhBXmhuscZXPmyAy4A,28277,American,85
NC,2,3ornwb5L2Cy-DKeR6xbpdw,28273,Asian,145
NC,2,atC08JSxcbm9HzU8eOLuZg,28216,American,197
NC,2,85vOUeWo9-bG8qQF0U1K3g,28277,Italian,80
NC,1,rv-d0maeNVrmraMlTwfQtQ,28208,American,168
NC,1,mQG9K5uvSmB10BLAytl_hw,28211,FastFood,8
NC,1,SLQAYnOvnqsociD21KQOrw,28277,AllTypes,131
NC,2,bAty9chWtByodcGQq8OVfA,28216,Seafood,48
NC,2,dFNL7As8UcvgjhCW3HexMw,28227,American,154
NC,1,ECMKdd1A5779wrLhbVtCvw,28227,American,27
NC,2,5A2ws3jfn_C3pNS-tl07eg,28277,Asian,36
NC,1,JUZ1cJfyFINgQLC0YlnyEw,28134,FastFood,40
NC,1,9iykF_gU0Jd6maDg19NE1Q,28262,Mexican,44
NC,1,m3R87_vgz8qXJy_zquIEUg,28209,FastFood,12
NC,1,AyqkzaNU3w1XCOtm8mx7rQ,28217,AllTypes,441
NC,1,unUnBwaCwXWco2fCynC4pg,28273,FastFood,40
NC,1,YmzCjAQV8XuElZQcmsjenw,28227,American,56
NC,2,N29zfL68LmwfWr5EQKB0Yg,28269,Asian,19
NC,1,FMzJJjpd4Pd311StIKkVKA,28203,American,1014
NC,2,KqCvXI-hvw6x-PSTBxB1ug,28214,Seafood,314
NC,2,WGcY8_1NjbEdg57qgB8BEA,28273,American,128
NC,2,hOf5nmeNTOkQ_Oe2gQoEkA,28277,American,57
NC,2,kgqurNLSpCmHqpprJOk-Tw,28277,American,206
NC,2,MeMMA6ZJxW0xAR6WRgn_Cw,28227,NightLife,101
NC,1,6rKU0EHGZZqdXO5SORxqTQ,28217,AllTypes,71
NC,1,YFD3QFtNfmq6ZGjUI1_S7g,28277,FastFood,57
NC,1,Calp-z22yvvWsE55_3DjKQ,28273,FastFood,29
NC,1,CNaWMRD7iDM7p6pIxm1SAQ,28027,American,77
NC,2,bs-BDfrwkUMXNWMkdVk6Tg,28277,Italian,59
NC,3,RBLNreE9s8sjT1bOVsDsPA,"Music Factory Blvd
Third Ward
Charlotte, NC 28206",American,342
NC,2,YZyzJVGQDgsOBS098JDR7A,28277,NightLife,80
NC,2,nfNk9CUjpnKX_bwK_-bIeA,28216,Asian,164
NC,1,Gj33U7MhMSw5wtr9Hh6GEw,28202,FastFood,5
NC,1,U8zkvDThX0hhkPxe2-y0fw,28202,AllTypes,84
NC,1,79ZIZgFiQATOfdsFq2dcOw,28277,Mexican,13
NC,1,i7ZlevDwvfzGcwe4n159vA,28205,Italian,84
NC,1,w3WH124kxt30NkZ6WivrwA,28210,Mexican,98
NC,3,_PINIylE-HAtznOkeQ6OOw,28202,NightLife,504
NC,1,lzVQS4G7SDYx39h-iRxidg,28217,Mexican,4
NC,1,yy7m3Fvuq_RWsOOst4RDUg,28217,Italian,81
NC,2,ZqbLzCYPdDNL97lwoiQmWQ,28277,FastFood,539
NC,2,yJDmDtP2lJLWpAkmPnNE1g,28027,Asian,73
NC,1,M8a29Glk1aG3iYPKpckaIA,28210,AllTypes,104
NC,2,wBJA330LpDTq-MpXz3qIIQ,28210,NightLife,19
NC,2,m5d5I_aQJJjH-dfMBHA_nw,28273,Mexican,107
NC,1,hCmALgeErt6qVDJDMgy5dg,28207,FastFood,21
NC,1,kSHZ5q1pBy9VpH7VvVrG8A,28217,AllTypes,31
NC,2,6KWa45IN5hFWv617efvBBA,28202,AllTypes,337
NC,2,YwPcS7r6SQRbvAxHRA56Gg,28213,Mexican,161
NC,1,Iu0ElolxFlhCKimijFTPNw,28208,Mexican,146
NC,2,va8gX25HcEcnHnLgy1j_tA,28210,AllTypes,565
NC,2,Ji5c-g0GkxRHmBUDAaWzoQ,28216,Asian,366
NC,1,2ieS2VTBVOahX9SFoVtSww,28203,AllTypes,33
NC,1,W_STH29iZVm2FvYZwjPt0A,28273,FastFood,86
NC,2,lmY05KHoqyFZjGsuHYx-HQ,28204,Italian,466
NC,1,64HmJyT8J5KGpT8tBhh3jQ,28277,FastFood,105
NC,2,BIprAvpTBXFlRmnTVbrGyg,28269,American,134
NC,1,aH-nESmW4XmmIdcAe7R-pA,28105,FastFood,23
NC,1,GTkPFdALFXTmEJc4FeQhfA,28104,AllTypes,80
NC,1,xjhTIReOwG4PtdR4hQexcg,28262,Asian,9
NC,2,JF4Ge_KqznXoZ-zmk_veQw,28226,Seafood,50
NC,2,S0EZSHGPt1gd7FzFC_donA,28277,Asian,50
NC,3,TpNz3nBaw4tEz_tnnxH-4A,28202,American,160
NC,2,CKf3mf7fl5sZO9xviHU7lQ,28203,FastFood,661
NC,1,AYeeWujHF-va8vJME8Qxgg,28204,AllTypes,434
NC,2,Tk4BA8X5kkXxAFTs9piHMA,28203,FastFood,190
NC,2,ZN7PGgTTJGppVjI26H5_rA,28269,Asian,43
NC,1,0f9yhyfnyWB9hF85PNmcLQ,28203,FastFood,117
NC,1,UXvKNmbtAYAKTNPDzQ627g,28269,AllTypes,132
NC,2,962X1LkIYgJkov8NIuGmfA,28104,Italian,61
NC,1,Bc4m5IciNPj4fB1R6n0KqA,28203,Italian,7
NC,2,SMMIxpqCQAFVj_S2tsPn6A,28027,Seafood,71
NC,1,nNOPWMUqJVxX7nv8N5E-4g,28213,AllTypes,119
NC,1,Z2H8MyZHQGxcxjLLrJoZFA,28027,FastFood,43
NC,1,Rc1TRwqxKYq0lnFdUDclMQ,28227,AllTypes,21
NC,2,C-meIkdths2snHHROX0dDA,28205,Mexican,8
NC,2,nz97EGzppkXKU_4cFuDxOg,28277,Asian,37
NC,2,6ZtftjQ18WUN3-IW_yA3tQ,28210,AllTypes,117
NC,2,kxq88JF-PfdN8LanM7Uppg,28078,Mexican,65
NC,1,w9t58m2lBLXfaJ-geQbPVQ,28213,Asian,11
NC,2,kN8gSKU7IyF5hZa4NIyRyQ,28277,Italian,12
NC,1,TVQAJGl5_xo2hsaWI7Ak5A,28217,FastFood,24
NC,1,W0-FuAN2yFAsJf4FPB9J-Q,28206,AllTypes,5
NC,1,zFMsnK8UMJYvESBYBATY_A,28216,FastFood,91
NC,1,x1c7Kr5AXhbYBBOqBvCRmw,28075,Asian,7
NC,1,3QZKUTsMGPBEAAUMpIFw5A,28227,FastFood,10
NC,1,uTl34lB2jvFARCud-ZI6Mg,28217,FastFood,59
NC,2,0RIAwEggED60mK3mDSTr-Q,28269,Italian,106
NC,2,_W5QrZQPfqjj6njeqrGYEA,28105,American,164
NC,1,bneYjIvbcQknNkJ2lDwRZg,28277,Mexican,64
NC,1,SwpO_7R_U4nIIIycmnRmow,28273,Asian,114
NC,1,RBivKqrbQ3D2gTdRFA8wwg,28262,AllTypes,66
NC,1,mAHwaQkC5zdQR_yg2q4L2w,28227,FastFood,3
NC,2,h-5TtlOf0Jm3Xnv1_ySq_A,28214,FastFood,7
NC,1,mwp4SkYIkMdiIL4qGdjkdA,28202,FastFood,17
NC,1,q03xqeKpHDLhMsJ59E9H6A,28215,American,36
NC,2,YMQaDtEceBPFW_C992CXSw,28211,Italian,62
NC,1,BcUpHTeh4kb7UdXvdFuZvA,28273,FastFood,8
NC,1,z5FyOEvDcEUyuuSokinf9w,28202,American,24
NC,1,tyZMENMVq9GNmU0urcCQsA,28104,Asian,12
NC,1,9Kb9ZRxBgS2c0ahuN1tbNA,28269,FastFood,51
NC,1,Oc3GWvlXBocTVgQCse3Nbg,28277,Asian,39
NC,2,0s-OY8GuWszGYSMDAMw6kQ,28226,Italian,7
NC,1,piBJJg6KqIPHTvFxYZjbhw,28277,FastFood,37
NC,1,AkL5mRMO6otNgU5WWOZDMw,28078,Asian,13
NC,3,GHiBDQpG5_FR5hhgnmisUg,28027,American,3
NC,1,i1kv2hcQfnwpok8BfKw5OQ,28209,FastFood,152
NC,2,gmyzz54jR7WzTu2xGnA92Q,28273,FastFood,56
NC,1,nb3FTOUZ7EjLrkqyEekF-Q,28105,FastFood,6
NC,1,vwpimAlN3l4zLqQ7hxh3zw,28262,FastFood,41
NC,4,kTCpNpLSXHFYISSg-ssXbA,28226,FastFood,38
NC,1,nCAMjFl8N4cpjj9zSnRJ6g,28105,Italian,15
NC,1,L2FNrbAAWwDA2Qgks7LVYg,28273,Italian,42
NC,1,pj8ZxvLq448FAW3mQ9Bmxw,28262,Asian,63
NC,1,ao9QoUXxxXJenr2Q1pYjAQ,28213,Mexican,46
NC,2,iPU1CW1goUcwygrPxW0uHw,28027,American,34
NC,2,p8zOYTVe-xmBPVtWcJayAg,28216,Mexican,42
NC,1,-XyuwnlKMcEj-bYJYfOcKQ,28273,FastFood,13
NC,1,NgSbsVx22tGYX8tKSsyolw,28273,American,91
NC,1,aEKOooAlNN2pntcxjLS61Q,28270,FastFood,56
NC,1,J6VGlQm6XaTMBEnSzdQTfg,28217,Italian,13
NC,1,NLZJ9sMsWp9NaD1y5pq5Dw,28202,FastFood,23
NC,1,gltXCxQnlgFJLFcZkwwTBA,28134,AllTypes,74
NC,2,0p-JqQ3DOXC90ad563C1FQ,28277,Italian,91
NC,1,lmjvqiuFQnT9Du5JwmUkRQ,28208,FastFood,4
NC,1,qRh1toPTSiviGbg_601nHA,28273,FastFood,52
NC,1,h5RdnJkt44T4M6FsPS30Bw,28027,FastFood,19
NC,1,McKy_sfydwNte-TzzN5DUw,28217,AllTypes,14
NC,2,8P2lLn68_RY-DMP876rIBw,28277,American,61
NC,1,LgFBKWi4CRL-dfVnK5AASg,28262,FastFood,42
NC,2,myQi5a626Biwo2vxN8vheA,28277,FastFood,33
NC,1,C_Wf2dcaNrtMjNDcN8G-cQ,28202,FastFood,113
NC,2,CchFSMdUDeAB_jvVjRt-0Q,28216,American,95
NC,1,Dvt6FyGkBpcC_RafI8i4cw,28277,Italian,11
NC,1,bmDuW_5Lw-TZh57BvaIBDg,28273,FastFood,14
NC,1,Zsk4RTLdjZ3X_dp-hV9J6A,28205,AllTypes,5
NC,2,UxwmZA4S2q79-IW0RCWwYw,28277,AllTypes,3
NC,1,iu-w6bWM9DOIeDvUhrIGCA,28226,FastFood,38
NC,1,BpaylK5AVC18EfHkvqY_Og,28273,AllTypes,80
NC,2,3gQBaDqYaJnPN6Sn7nCQbA,28202,Asian,101
NC,1,RL1JF46Z8-3QoMf89Tb_Vg,28227,FastFood,9
NC,2,5CCMwfZll_eS8chsGRzjkQ,28277,AllTypes,97
NC,1,ZamavR57HJegqTKIOM_BSg,28217,Seafood,12
NC,1,iaoYOEsMOSarGFk8tUV1UQ,28216,FastFood,11
NC,1,-YGzPpGSzNGitITP_8ej6Q,28227,FastFood,17
NC,2,HKwlJatD3lZjzmF8n_9dNA,28134,American,96
NC,1,PLz-YKleoz1r7tJvG62spg,28105,AllTypes,36
NC,1,ZDEbqGNLe4fADLiMYOHgBA,28209,Mexican,12
NC,2,FHUEcYG-s-p1acJz_Z5aNQ,28105,Mexican,39
NC,2,WG-7TY7_4YJzk9BsOYyGcw,28273,American,38
NC,2,dDD6is_GS35RcXtl4QvP_w,28277,American,49
NC,1,kqw4NDeEmszmASDqMGjRgw,28202,FastFood,46
NC,1,RoW2ArcYw_CZ_JMv8BFyXA,28277,FastFood,18
NC,1,0nCS2KIWbqV4p5UZ8zZ6TA,28027,FastFood,15
NC,1,FClskDDrmdSBEHjSCPPrXQ,28277,FastFood,38
NC,2,NR4d7qLeT6zuKACFEtndwA,28217,AllTypes,6
NC,2,FnQBuMrZ4KJxVjo4lzNt3A,28075,Italian,4
NC,1,SKTz4abK3W7qEucBVSZ5nQ,28269,AllTypes,14
NC,2,OC7XzLMjAer9e3LsA6pH2w,28269,FastFood,31
NC,2,mHWFcOIT-CNbbID9LM-9Jg,28215,Italian,57
NC,2,69JkeoS2eX-km9aumK0d4w,28277,AllTypes,86
NC,1,8haYCMLIfEJAT7Jf9hkiaA,28277,FastFood,31
NC,1,xvO8CD3bBDrmUoH8qD0azg,28205,AllTypes,6
NC,2,LiRp5HHfquwpYNg3DogMWg,28273,FastFood,83
NC,1,dM1UPPgeQFczXxCwnTJK-w,28273,Mexican,62
NC,1,BCffRAILQ43NUouZxho2qQ,28027,Asian,9
NC,1,3WkxgBbLz-Acok03ySdMbA,28269,FastFood,35
NC,1,UtFakbb6xa13w7XRzvd1cA,28277,FastFood,59
NC,2,uQy54bl1sBcqRIw9MLLUSA,28277,Italian,3
NC,1,3ShZ3IidYKRZVp09up-mMQ,28208,Asian,5
NC,1,CWnsLFY-JUFpgz6nkcMigg,28105,FastFood,14
NC,1,Hm2Jxsh_MCUWdzfFU_U2Gg,28217,AllTypes,77
NC,1,S69DaIYms_PKBty1d2xeAA,28273,AllTypes,10
NC,2,2Cxq5noMJdIo-0K2zd8JYw,28213,Seafood,45
NC,1,bUxYCZqDzrSXKayJyM1zJg,28202,NightLife,51
NC,2,1e3C5v3vz40fOwfx3wVmGQ,28226,American,112
NC,1,7Lr7SYyO9m_yU1hXR_8GLA,28206,American,17
NC,1,_qvxFHGbnbrAPeWBVifJEQ,28269,FastFood,21
NC,2,e9JyvLEZMcTVKh31oyZkOg,28027,American,69
NC,2,sczE7-jiwrfhHnLztdOhaQ,28227,FastFood,33
NC,1,jS8ukLDjUz_wLyYE6LLkeQ,28216,AllTypes,9
NC,1,XeYXXSN0cv8-YiqG3ozDZQ,28278,Italian,73
NC,2,lR9xjHv_xhFS4mW3Glm6QA,28027,Asian,34
NC,1,WrdrMp5lQjNblTU2ISqC0w,28217,Mexican,7
NC,1,0KkMoh1zaAloeomx1cBXTw,28216,AllTypes,36
NC,2,3HK-vpxevbiVQhnS_Zvpwg,28075,Italian,25
NC,1,8_1veEvO7qUPdD7o-03Hgw,28211,Mexican,85
NC,1,pbN5P5oHi0vWEOPudkpCNA,28105,Seafood,5
NC,2,LFg0Rx16jrrScMh1tt-FaA,28105,Italian,15
NC,1,tpra80c5szkOUgWuahgs3g,28204,FastFood,99
NC,1,lk5FDr0ZG9ZCZATGikzdQg,28202,American,8
NC,2,aBDnyiQebQHC3_V3gefLrA,28105,Italian,14
NC,2,jVsMGTFEmKa-W7BmGqE-hw,28208,FastFood,43
NC,1,IcwFdWGnetL2EW_n-GiMnQ,28210,Asian,43
NC,1,IpnvOcTNFTbX8XRCU_SNBg,28075,American,275
NC,1,qElQDVw8kTHjBPcmsxOazw,28217,Asian,19
NC,2,wXY_JLMjn9KFkxoEC4r0Xg,28012,FastFood,164
NC,1,BwzY3d4tlt9--GfLoplU7w,28216,FastFood,5
NC,1,yQPaPFVNGpAeiM-BXc3WQA,28277,Asian,25
NC,1,n5VDarILKsHU7O2J-uPFJg,28269,FastFood,7
NC,1,3hMF86FemqR_sH8OOh6sYQ,28216,Asian,5
NC,1,wjGKNxmB_NUoC4S8lLvm6Q,28079,Asian,3
NC,1,hnN3SAfSThUHPEq4rLtC2g,28216,FastFood,34
NC,2,DizxFKuAw6Bhg7llz3cXeg,28270,AllTypes,38
NC,1,bOyoQlRSr5Of67COPtzxAA,28269,FastFood,60
NC,1,FbdXRvK-8xiErK6WbRo2Dg,28277,AllTypes,37
NC,1,e9WK4peZfqgUN0BOp-CWAQ,28277,FastFood,8
NC,1,eoMLAjvo97vK0mMA2O4Zmg,28269,FastFood,27
NC,1,LCpLxWdBFaI2cg0O5ZJrwQ,28210,AllTypes,7
NC,1,Ec6g1-_FVSrkrkdPz9sMGw,28204,FastFood,5
NC,2,8F5HcVVeEEWqfT5S4VpnBg,28216,American,242
NC,1,ABRGoIyRfdWKxcCPmHMVtg,28270,FastFood,7
NC,1,xx1JcTcQ2mM9cCpMxyNJBA,28204,FastFood,8
NC,1,bKXiuZuAWoYLsEgDGsZlvQ,28277,AllTypes,36
NC,1,r6EvgcAXNRYR610J1eQBJQ,28079,FastFood,17
NC,1,wQBHNxgueDcpTmOiL_yttQ,28210,Asian,8
NC,2,w98bAV20hiqX1WBGcPNd8Q,28079,FastFood,49
NC,2,Q4uSuYGGRIyk0fzz5Vz07Q,28215,Asian,18
NC,2,_Lib9F27TqM4mD-_r6J9YQ,28269,Italian,5
NC,1,ZXy2u7JzQvAKadEV-Do7-g,28104,Italian,10
NC,1,19R96ARU7-qDBjJBZrhg9w,28212,AllTypes,15
NC,1,lnAVU4ppvd3p1NCQ6osCFw,28214,FastFood,39
NC,1,8ZLveGtVoTUsssaX0TxdXw,28217,AllTypes,15
NC,1,T81Yc4_Mu6hehSs7F1yZLw,28202,Mexican,70
NC,1,d5Zx8s39kpAegUsxPoQsjQ,28214,Asian,19
NC,1,svqFVKU3p8yO9tu9w-0K6g,28262,AllTypes,43
NC,3,UcAlpX1rdrP_W54bgmNhMw,28211,Italian,8
NC,1,8--DLKJ-NY-bW8fSIDXa0Q,28277,FastFood,5
NC,2,HFWTazpCx-DRhztgER0DbQ,28277,American,72
NC,1,b3m7PUh16AWtPGrqTfYFlA,28216,Seafood,7
NC,1,2hM--u1QSxnJsdsExT42Lw,28212,AllTypes,39
NC,1,j-U9T0SzyvH04FYmRPjT5w,28216,FastFood,122
NC,1,rIpQ6vk02i4Np15ViGjayg,28216,Asian,5
NC,1,mVqQ3jT6WvhWd_-vUlPX6Q,28270,FastFood,66
NC,2,cyWt2nsNxATem959gWjCLQ,28262,American,51
NC,2,iUmqhLRFVo34WswW55Nlog,28226,FastFood,26
NC,1,djpR_kdjmE74e4U4i-4b4w,28269,AllTypes,28
NC,2,3uty2cB6NzZn6CM-8udUew,28202,Asian,18
NC,1,StiEXS2nnXeM-tgzbimZAQ,28227,American,23
NC,1,yVhZLUJPs5-gj_sA7__5fQ,28273,FastFood,82
NC,2,gapBHDKvcnkUzCtl6CtkRw,28226,Italian,59
NC,1,RgY2o2itW7-ydy228N5xhQ,28226,FastFood,255
NC,1,-HK7dIj7Eyx0JsfDzgbFKw,28216,FastFood,39
NC,1,dLcGMPuojXYjfbkgrEgO7g,28205,FastFood,90
NC,2,d7vskTZ_tjTW3FsRF-NUug,28205,American,767
NC,2,oR8R39yGJQTRYEPAoJagrg,28208,FastFood,246
NC,2,hP6fpujKsFWD5N__KZA4Iw,28213,Asian,461
NC,1,85HH9yRM4G-9BCRtDf-94g,28202,FastFood,81
NC,2,V6Pu0Ijqa5zvb_daMVSM6Q,28262,American,67
NC,1,A0uKiHFg7eKYQwPXC3drfQ,28204,FastFood,42
NC,2,GXqBm5N0yZ3-rCd6hgUM7w,28202,American,823
NC,2,dulSoiZkwmlCRNUvCt7YqA,28012,Mexican,27
NC,2,XX6owhRHtgO0957RSmRYgQ,28202,American,230
NC,2,xc1iU7PPXdfROSE2jl3bng,28211,Asian,71
NC,1,kata831HVR1jNpw1U17-nw,28262,American,10
NC,1,kOyysCeIagD4sEhIM0-etQ,28210,FastFood,41
NC,2,tqAqL9B0OsiWAeh6XVFewA,28217,Mexican,132
NC,2,CyTmpAMiqoWe2RoT889B2w,28204,Mexican,443
NC,3,QUmE1tQJOBb2D5Smu5_A-g,28202,American,287
NC,2,HW4QRyNoNjZaJDzfzDKdvA,28211,FastFood,14
NC,1,GSlRsGx7w6mdBuJSizoL8g,28202,AllTypes,226
NC,2,l3xGrro6IPIrlXB9bAbijQ,28277,American,158
NC,2,cEtlUnEBXDPsFHhhou27tw,28208,AllTypes,247
NC,1,RwXER9S7bB6PGhv9jhc90g,28270,AllTypes,4
NC,2,t9A1tZsgs7eJrEW2CBmPUg,28277,Asian,280
NC,3,BvvGeF2zgacG54nCX6YDKA,28204,American,367
NC,2,4_IPjeZZ87LPiXkKDHx2-A,28226,AllTypes,174
NC,1,TVdSOwbZ-pcRbhOYCiH9-Q,28227,Asian,35
NC,1,fQYh3SW_QEL1uSB23x1rnA,28203,American,5
NC,2,6EpmtuLKE_fqVE1mDILD1g,28209,American,714
NC,2,oZ73668vhCI511YiTQjiLA,28273,FastFood,15
NC,2,BCr9sVNxGOSgpiCFQ5y4AA,28277,Italian,49
NC,1,E_V1MUbhtuaUPtQvGrCIwQ,28208,FastFood,284
NC,2,Bw92r5E7UA-Tgezt0CbJgA,28205,American,467
NC,1,eypwK6pfu10j-i1T76lUNQ,28027,FastFood,93
NC,1,EN6-FrkFBWKrtS8842cZYA,28277,FastFood,43
NC,1,6WhV68--644UdRH8Ee3cZA,28202,AllTypes,17
NC,2,oYNLeOhMA0fbgtPn-QAdjw,28202,American,427
NC,2,IojUubVT2XuVDoKdEyvQjQ,28012,Italian,70
NC,2,HDXY5ymbehbAL4HZCqgtMA,28202,NightLife,53
NC,2,daW5y87XLwzy7_t7oSdUNA,28206,American,29
NC,2,gXkv-2CPQFs1iggbftTl_g,28206,American,163
NC,3,mehBQm0pfKU0LTtcFGQfLg,28210,American,308
NC,1,KMTrE9KgpKUGgVx3U45LnQ,28209,FastFood,258
NC,2,EiDgsniLJ_g-BsoHCiG_uA,28277,Italian,148
NC,2,2G-I9lROOVwkIkBSE8iVZg,28202,American,488
NC,1,eOXk25-Q7-wOBF6dlp8OQw,28203,FastFood,11
NC,1,7Inf7-FiFC6spGyGR4uQAg,28203,Asian,95
NC,2,kI1GTYYAUQBEjJFJn3ILAA,28273,American,5
NC,2,ASN-bDe1cVl3Y8-lnqA7Og,28204,Asian,425
NC,1,ElTXBTRhunxD8iIpO4HEgA,28273,Asian,24
NC,1,MRTK3Saw3qg40z5mjW7cFQ,28079,American,27
NC,2,aTMDGTQpHVzUY2VxBy4i8A,28203,American,37
NC,2,uFNCii_PfEh9QiAEszHb4A,28202,American,232
NC,2,MflKZcZmslSaNBODkhtIhQ,28203,American,471
NC,3,bTMLV6_HVljV2EAMqJJhsg,28202,AllTypes,34
NC,1,gXY_sX8il0ad7YhK9CClrQ,28105,Asian,68
NC,1,Pnq1SsAMz9RzLOyE365DJg,28277,Italian,35
NC,2,7aOn01a0r90wiW1LSr95Aw,28202,Mexican,598
NC,2,UCzaZ2z6E-Xy8Vn-MLpIrw,28203,AllTypes,549
NC,2,XADK87g57dqzYVVfcxqV7w,28027,American,142
NC,2,EKju94L6tR7kFO9Wthk6CQ,28277,American,131
NC,2,Q3IHXZLyJHdiq--FKCyuHQ,28209,American,725
NC,2,v7TjQ1_RPEF26vy8rc41Lg,28214,American,98
NC,2,NqaIaeSKICykFdtLIxNS3g,28134,Mexican,149
NC,1,SlHJJyPmdksTuMLtSFnLpQ,28104,Italian,70
NC,1,RQKntEodZtaA1YhUewcMVg,28205,AllTypes,4
NC,2,JEzpYSWtWo_Zs3rPcSQgQw,28208,AllTypes,84
NC,2,DOMHICcq_VaoACUHRbtK_Q,28277,AllTypes,8
NC,1,OJcQbB0XVG7Rxm00_dV8vg,28227,American,48
NC,2,Qb5PYdw1mnFIoe8j7QKIfA,28262,Asian,6
NC,2,JVny7-KIsec54pU_9gBmAw,28211,Mexican,589
NC,1,YFohcQ05z4xasbEnZhFEcg,28206,American,577
NC,1,eVlErNWjXrcVa5KjhcNcJA,28204,FastFood,76
NC,2,329L4KhvziONbftfHdvwYQ,28273,Asian,62
NC,1,P_g8zqB5Gtqtpj8Uqg6fCg,28012,Asian,160
NC,3,KQdEK774u8ua9yW5kT-wAQ,28012,American,25
NC,1,pPPyE8tNSGFK1nP03WTn_w,28277,Italian,5
NC,1,7QUM_qi0zUC-ZP5_qHoSJg,28217,FastFood,4
NC,1,taWuzOyQWttjHJubBJttnw,28216,FastFood,174
NC,1,dpVJsMwjhtAAFvKVwxncig,28205,American,12
NC,1,YCazLkf0jluH2fP2GET0xw,28227,FastFood,11
NC,3,D8oLo27PovnooXmoG7ttiw,28209,American,28
NC,1,5nisFSuX7Bn9BHME5Lrqyg,28204,Italian,6
NC,2,o5Me8uSqyUSm8U3aEMAbSA,28205,American,497
NC,2,aYt9gp9i73-RCJFy7FnhBg,28226,Asian,77
NC,2,LE5yuBdBkTDMTbXkVQbfaw,28216,Seafood,22
NC,2,8A3BOq3Ba2YzTdNDgKOZMw,28134,Mexican,128
NC,1,VJoA1dWb84FmthVbY6PL0Q,28105,Mexican,44
NC,1,FNNs05wR2Fmt3XQDXRoNFg,28202,Asian,11
NC,1,CizLmKlwhVxYjI5WumrjwQ,28205,Asian,5
NC,1,mP7Z5WT9xahJWTy46DHP2w,28244,AllTypes,50
NC,2,wr3bTAXlo6aB5LIbIx6ueQ,28204,FastFood,804
NC,1,_gzo4jScQtavLCHzJo905Q,28202,American,789
NC,1,ve1yV77G1yCeVicz5I0ZfQ,28202,American,67
NC,1,T870Xz8KE_-KFF46KezDvQ,28262,American,104
NC,1,jT_jo5c1rBcg6mpytIEWSQ,28277,American,179
NC,1,szvqB3i0U4Z0Cl_wtzlVdQ,28273,FastFood,99
NC,2,n_ZuPiXgB4YPbkuSINpabQ,28211,FastFood,2098
NC,1,QFZr_huhsKljp_dWUAfVGg,28227,Mexican,8
NC,1,lfIsaE0oMCX1f8xWtwz9CA,28203,FastFood,6
NC,2,AcYJ6qYKY_46qE5zabJP0w,28204,NightLife,566
NC,2,QUmoDqc2016XlV9cuM-apQ,28211,American,159
NC,2,h3dNZGy3_XWJ1Ew66s3JNA,28204,FastFood,309
NC,1,ssmpTJ5W4UBCOHmzednRbg,28211,American,83
NC,2,CBc5sOHl-7-midjK1mI0fQ,28209,NightLife,486
NC,2,BK-6_OIZMB4BechQ-ae7wA,28202,American,164
NC,2,yqQwYGkONPfDbT68xCRmfw,28202,Asian,12
NC,1,cXtL3_ksBsr6uZy0fp-TDg,28208,FastFood,1163
NC,2,kmA-A5pRfTeKrMXOW9gykw,28127,AllTypes,16
NC,2,WPD1m-I4-orxnEt-M_cDpg,28105,American,26
NC,2,DA0T-odcMQYjTn2S5Yv3ug,28277,American,181
NC,1,gNyaalWR6m06rig3c7h0bQ,28205,AllTypes,4
NC,2,QicTiAd6nopjiYAWz6oeVQ,28105,Mexican,95
NC,1,ub0UsaBwSTyy-HuVWLUIsg,28209,Italian,43
NC,1,ee2JJWsou6UbakYRHEqxfg,28211,FastFood,41
NC,1,u9dU_eX631Hdu-RvRlSfCA,28202,FastFood,9
NC,1,rVew_-TMhF5epIvpVDYMMA,28217,AllTypes,35
NC,2,qTNYVCx83xrp-EnsVSgW3Q,28208,FastFood,34
NC,1,SOYk9W4BOEUT7tKwT7p1UA,28202,FastFood,264
NC,1,kyPTfVzZfopYwZyZ4hhLMw,28226,FastFood,149
NC,2,XpNxXmqBKZE5ZHaI-ZgAmw,28209,FastFood,21
NC,1,izC5gOJgvqDtgWQor07tnQ,28211,American,387
NC,2,YKd0p2HbL5eZwkeRW3RdiQ,28217,Mexican,40
NC,1,R92HU8A2T52wXb5VC6WNVA,28202,FastFood,78
NC,3,bZXmxC8TUj7DlcdQ9-X4tg,28202,American,239
NC,1,AATvrPqbgZ64dLfqSvNSow,28213,Mexican,58
NC,2,-UYjmGUMMVWrOQmhR3kI8g,28206,American,76
NC,2,QowjF7UFjVfx9-5PHEpoyQ,28217,American,141
NC,2,NnC14ctqyIKsknJqNcng-A,28217,AllTypes,46
NC,1,cCXnlr4CrhY8DyrblmG_Sg,28244,FastFood,360
NC,1,EnAohly3Hk8vD3WK48YmVQ,28202,Italian,5
NC,2,-XKza5Hr4pCDGs-fNy_Xxg,28105,NightLife,189
NC,2,bZrg7gl1duX2tfXY4kY7dw,28203,AllTypes,248
NC,2,FEkViB1aCpAkfa4GMWI4ug,28205,AllTypes,388
NC,2,Vf_Ng_A1KKOrD0Bggx-ueg,28208,AllTypes,234
NC,1,iwlQSkEIepI9dWQqfhWw_g,28226,FastFood,92
NC,1,BcZIyqmGH85qdIDnP501LA,28134,Asian,15
NC,1,YAC6aPRZyAhICwa9qAHE7Q,28202,American,18
NC,1,xLADsjoWssHw_nsK-XtOvA,28270,FastFood,47
NC,1,QtgwtufoRomTKwase6BdEw,28277,FastFood,28
NC,1,MC8Fv4Hd4reUsTKJYoZPfg,28205,American,661
NC,1,p9XXzxcT42iyI_eB-mUD_g,28273,FastFood,4
NC,1,NzdRlJpFNtU9G48IXEES5g,28104,Asian,8
NC,2,NGILhbY8zh_wACzUDQFbCQ,28205,AllTypes,43
NC,1,iqRYKjckKZh1ifqRQVlygg,28202,NightLife,66
NC,2,-9BeUZZ1Jph1pD5qpax21g,28209,American,130
NC,1,H83p6FiaQochD6M6eOwEFg,28075,American,17
NC,2,hxWIMJcbRIs042qbLL0RLA,28212,AllTypes,6
NC,1,pd1tgMuzC5lkNnsNCr4tBg,28105,FastFood,22
NC,1,4s1g0_00RYhhC1BuOlGdzQ,28216,FastFood,68
NC,1,o43fODlEvWd_eTo5-tljAg,28205,AllTypes,16
NC,1,6lhDyoMm2C2p5PgYfVhWGw,28262,AllTypes,5
NC,2,HZ9eKswFKunhaT-wNhdr_Q,28203,American,33
NC,1,izDwjiWv9aJG0viohumDyg,28227,AllTypes,101
NC,1,IcOkka6e5QZ0Pkz-KIdlgQ,28270,American,55
NC,1,KTL1VCXn-mPmGc6LPjnSgA,28211,FastFood,13
NC,2,xZNZqczahipDzSomb48Twg,28105,American,79
NC,1,UlVo_EMmSooxXVLLp9g5RQ,28027,Mexican,95
NC,2,q7pDI7IcXc0_EBytJ-Lndg,28277,AllTypes,151
NC,1,q5kF1NoeT0OFFJi2L6IQow,28208,AllTypes,173
NC,2,eyTE5hIelyYDjFuHFIRCIQ,28277,Asian,74
NC,1,rjhfcj3YO2bIpI_FBbq7Nw,28262,FastFood,29
NC,2,gWZt5lnRQPbTwXRi9Ik6Tw,28205,Seafood,461
NC,1,15hrYjqHdOe5VK4fCmYJAg,28079,AllTypes,16
NC,1,sCnl_iuoOmxm5H9NFfclrg,28277,FastFood,65
NC,2,oY8Az_5FHjsAYgPwnoZ-7w,28211,American,114
NC,1,iabCqsDwoWzxeL1G9qs4fg,28204,AllTypes,9
NC,2,dfxGnjDhsLCA7B9FQgvTdw,28202,American,15
NC,1,GWS1sRPSBCFT395QYi6Q9g,28104,FastFood,50
NC,1,hAqS9S7yqgxXSf7HemxyDg,28277,American,63
NC,1,JbXu0F69cQig4wrK1BJmBg,28202,NightLife,114
NC,1,56GrMiv4WCyc8kltBUUxQA,28227,American,47
NC,1,4DpqEjsFyH0y9B5QvdR8Gg,28262,Asian,11
NC,2,6sacMshKy0kYHEk_Zr1yBA,28277,American,31
NC,2,3WZirVpghhNWTa4N2HU-xQ,28202,American,458
NC,1,n6iMTXH5rTBeQyDMJzmnkw,28208,FastFood,69
NC,1,RU5so-ExZLhPXrJDSXDCPQ,28210,FastFood,82
NC,1,UNjUknUqBzufyPKeMi3FpQ,28262,FastFood,58
NC,2,GK2l8kqPJu9Byk-c1D0-aA,28206,American,899
NC,1,ZEy0SageTYD9Pc94lmlfKA,28202,American,61
NC,2,4rCM7UkVpaKAOKkoy_nTUQ,28262,Asian,83
NC,1,gBD36e9tnoGDoa07zlXTcw,28204,FastFood,17
NC,1,DuCPBzMB94x2n8x1v8uX2A,28075,Italian,32
NC,2,lhsyRdDtRNjOJ41ferYagQ,28205,AllTypes,1144
NC,1,fUmRkOy1YAPMdxXoLUPPOg,28104,American,114
NC,2,atyhHJJbB0c29wTrkIIIxA,28262,American,395
NC,2,4MuAYyzgK2AhwMlBOjzTNA,28277,AllTypes,354
NC,1,z0lvl46xW3jtj8S7E01kBw,28277,FastFood,262
NC,2,_Qmbgb_43PtHyA2cN8YZ2A,28203,Italian,36
NC,1,BpmIkVMjv9sWi4rgx0SVIw,28205,AllTypes,239
NC,2,F9L6Ueq6W6t-pwGjevE2Yg,28205,AllTypes,18
NC,2,DsQ66YxIAAn4stvkv0OPXA,28027,AllTypes,6
NC,2,XKWN6DnpcXxXNvTjjzvMPA,28262,Italian,52
NC,1,YqDzCl6uVNJ3vhJm9yQEcw,28202,FastFood,47
NC,2,I4miZPiYTLq8NwG29RNT8g,28269,American,29
NC,2,AuauXx2yISco80jjAefagg,28277,American,42
NC,1,J-zxZQBf7MVMW-cnoyWbFQ,28208,Mexican,15
NC,1,qhef8-iR4I3litatocWBpA,28208,FastFood,26
NC,2,8qx3xXFwUT_18mgO_8vuCA,28273,Italian,7
NC,2,jEl3EMDpkGTaPz-eRA8mgw,28202,FastFood,75
NC,1,Q7PlJOw3L9YddzrxSAyi-w,28134,Mexican,4
NC,1,wO-V7Eqttzlkbmqz3UZzCA,28277,Mexican,57
NC,1,vtuSUAOGDfhTe_vnwZ3a9w,,AllTypes,7
NC,1,jXgJIARO9T6R8mkWxqXUIg,28277,AllTypes,144
NC,2,ed6RnUHJJlyFnhJpuiHpKg,28269,Mexican,120
NC,2,F8ZmVRwRU2QmoIXeBd5jPA,28104,Italian,5
NC,1,LG1labdeA_BkIyZimEpvhA,28204,FastFood,28
NC,2,2TV2oOR3qMWKhTFQNJFFnw,28203,Italian,57
NC,1,KTsDUBpgFjJ3XYnnaN-sOA,28209,FastFood,32
NC,1,5p1gus3nYUDaffo9soDPgQ,28202,Mexican,110
NC,2,8IlzP5Ci995WwSoZ2JVbGg,28277,AllTypes,54
NC,1,Mgn-HWhZIDO0LNvdjdrfDg,28226,AllTypes,28
NC,1,wJvAcVrk069r8emMbIvcjg,28277,American,101
NC,1,VcRCpmrHldt_9MDYu3MP-Q,28277,AllTypes,5
NC,2,bp8T6-NZFKw3-Ga6ssU28w,28213,FastFood,77
NC,2,T-hoctrFbfDULmRty_2UIg,28202,Italian,450
NC,1,JzJxb7cQGg7zQNnUQk91yQ,28212,Mexican,10
NC,1,QlXxMRAznnbgzdT2yk5r2w,28273,AllTypes,55
NC,2,py-GHWztjFhria6RZs9Q2w,28277,American,277
NC,1,F4Ge6XtaIR4s-fMKd55YfA,28262,FastFood,41
NC,1,oe9QUE1mG-KyUCZwXUrq6Q,28105,Italian,3
NC,2,lO5orbaGXXlz7jcdke-uaw,28205,Mexican,18
NC,1,7LnQx6Wzi-omWMYodmrEGQ,28202,Asian,138
NC,1,H-pLahyneioCeCFHk2lD7g,28202,Asian,5
NC,2,ddpzgkikbofq8VlaeN9crw,28262,American,86
NC,2,RguKChB4sdPwYA_1_S6JMg,28277,AllTypes,164
NC,2,c1GbzqEZi42MTLAH6E9dug,28277,Italian,5
NC,2,bE_cw4gUA4KqfA5CFVEzYg,28226,FastFood,227
NC,1,sENZbmzhGrktXtRfxptymQ,28208,AllTypes,98
NC,2,kKQFAPfh5gm1n7l-6uhGsw,28012,American,30
NC,2,6Le3aK5pUrGZaRVMGS0H7w,28244,American,568
NC,1,33HGPPn76nwLDYdAp2zUkw,,Mexican,26
NC,1,1WxYm0hlzXnvLAGUe6wwEw,28205,AllTypes,43
NC,1,ChDMwO8gnbwSUwMvmRbxjQ,28277,Asian,16
NC,2,VsaFeXDhG75yTWUGTDzNAA,28205,AllTypes,213
NC,2,sLTur8Xo0ZAWx5Q3QMTw5w,28202,FastFood,97
NC,2,2y-zifC8_V5XUTsyCSWvdQ,28203,American,364
NC,1,EvJyPhNnDOtwkfpypk2_6A,28104,FastFood,9
NC,3,-6ozQS5Mc6xDyGFNLNh7ZA,28202,American,61
NC,2,P9pZLGjYc1j7VPO-KIBpMw,28203,NightLife,341
NC,1,43WsbaQ0-yr72YfqwQAC0g,28208,Italian,58
NC,2,Ir2mw-tp-80rlwAMxxO_VA,28277,American,503
NC,1,4y7QjZv6ullXe_0VE1yNAA,28211,FastFood,35
NC,2,OBH2AcNS5FQcS4lpK3FEMQ,28105,Asian,40
NC,2,LLlUCgqdw6kbvV4Cvgq90w,28202,AllTypes,72
NC,1,vTANBsj-8U-I-He1GfdNyw,28202,Asian,83
NC,2,zDZG-JLtGxRnunCY9jaERQ,28262,Asian,42
NC,1,EQ0Q_35W_I9TFvvD9nY4xw,28204,AllTypes,72
NC,1,0Iu3lb-HD3IrsowtbVGzPw,28269,Asian,18
NC,1,s_hoyLhAuqSngqtccWHERQ,28204,AllTypes,4
NC,2,CXMJ7uy7gCQ8ZoVazWUe-A,28202,NightLife,23
NC,1,slBLrfkdIJ_3NKN-ZaW4aQ,28203,FastFood,196
NC,1,zoVpioBJKzyCvx9Wp1zItg,28217,FastFood,50
NC,2,MoW8sRQFS5ShuujEcfATzQ,"Music Factory Blvd
Ste C 10
Third Ward
Charlotte, NC 28206",NightLife,114
NC,2,jP8vJjSR99vd8-ket5_NzQ,28277,Italian,357
NC,1,2W-HzIcovMkhB3p6deq1Sw,28134,American,38
NC,1,U8v3YCzXllGS2ZBrLOr_rw,28204,FastFood,223
NC,2,sP87lLbNzsRMICzwYUwFQg,28208,Italian,78
NC,1,1MiiUX0bjhfQoVF9c-be_A,28208,Asian,51
NC,2,3hWuhwAKxodX8ayAb-fe2g,28277,Italian,99
NC,2,u8LsKcXXnPMpQqrykr_apQ,28273,American,266
NC,2,kdwL1gR2U0izpYR_QDXeQg,28204,Mexican,185
NC,2,9xoEUUPmh3JnSl9B9IglPA,28204,FastFood,121
NC,1,k3hnjXbXs4I4a4rWDCcWUw,28273,FastFood,110
NC,2,AL2w0DAM7-6sJkBVI2qtHg,28105,Asian,86
NC,2,4z60nK3meSf0w0gYhH2CuA,28202,NightLife,290
NC,3,nt1XC82nR3VSNvTKGX--cg,28202,American,165
NC,2,eyG2mIQ0AxhJilhMWQhs1Q,28208,American,120
NC,2,5QbhinIYn9IcoQwEzqKH6g,28277,American,169
NC,2,OAi1g2Go1MBjaR9m1fEHHA,28211,American,403
NC,2,Ft6JFUO5-hjV_w6HuUs9LQ,28273,Asian,151
NC,1,99BYcmfuAlc49N4E-Ip--A,28280,FastFood,18
NC,1,BLTrjqOHhtg6yYk8ObeAxQ,28211,FastFood,56
NC,2,BeyxMq-gItRJLO7sU73y5w,28278,American,40
NC,2,7BUdfIyfn3H0a55eFSt9bw,28202,AllTypes,650
NC,2,wfkuFh39uIaXIDCpkUJV2A,28202,AllTypes,117
NC,2,O5rT7T6nW-5mUHKeoi68qg,28202,AllTypes,139
NC,3,PCsgSmRJSV7iqZ4Al2mEkw,28202,American,414
NC,2,nlK4L4ntOe5zptVPj8KYxw,28027,FastFood,219
NC,1,_Bh7HA8P570v2DIsltppZQ,28209,FastFood,51
NC,1,VkeJXFNMGHgZBFDOlZE0jA,28282,American,19
NC,1,aL9GXjdgNyJuCN0RzTFDtg,28202,American,217
NC,1,vbCeXoEanx1D6pvfEuq8uw,28208,FastFood,49
NC,2,sOsRiemCb1f_FdwjOVHl9w,28205,NightLife,30
NC,1,Lohr8rcz02PENa27WA3ovg,28105,Italian,25
NC,2,G0we_ApIsxIUTi5zoxkJjw,28205,NightLife,12
NC,1,mPhpRGTgusNHOXgvF43FQg,28273,American,9
NC,1,VzoxQsAAnpWXm5TSAHZnbw,28270,American,10
NC,2,TZgbUbApLjWWES9Y7ONtNQ,28208,FastFood,459
NC,2,ZPDXRL9b5sIl-84p6AdNAA,28105,Asian,8
NC,1,Zdg2UDyqWc2Tn1L9m5z6aQ,28205,Mexican,13
NC,2,iCc5df9yAI0vodPtPiuOBg,28204,American,9
NC,1,sD4unu3UGDK6HO__k0IEbQ,,AllTypes,17
NC,1,u9521MhFE7jiqq0B51xfrQ,28202,American,99
NC,1,uy8jqFcLAA-dve66REHmRg,28262,FastFood,243
NC,2,gTXSJ9lJOYtpuUqAWDxX2g,28105,Mexican,11
NC,1,3n8a3S-UUO5YlfWVKclvfQ,28227,Italian,20
NC,1,qjD1sRCQIQoVP6nFIuomNA,28217,FastFood,17
NC,2,93G3ed4rBSvNtaFck7Xemg,28105,AllTypes,66
NC,2,Zj30w70HgNoxtAyUJuNe9w,28211,AllTypes,119
NC,1,tFwZL_7idddle8Rl1CAPQA,28269,American,96
NC,2,VkyEBbis8HpKRzVPIFX1cA,28227,AllTypes,36
NC,1,HIphmsTpcdGy2f3TNGB9pA,28269,FastFood,19
NC,1,en8csXJNIkoBOOMawtyuTQ,28269,FastFood,35
NC,1,68-awbel3nSkmOfkGFxbIQ,28208,Mexican,94
NC,2,qI7unfdPyG9sg6BVf9XbBg,28079,Asian,68
NC,2,53XELWKwAUyCNQSV9Q0z2w,28075,Seafood,71
NC,2,8juhra3Et-cNjH3KH4jFsg,28209,Italian,140
NC,2,U9zkQuiqehClzoJ74siF8w,28202,Italian,422
NC,1,AVmjohW9XQrCVHcsIH3LEg,28202,AllTypes,17
NC,1,c8G5lj5pAv9KEwz0piZjNQ,28281,American,199
NC,2,zBMJYg34dTe5nZm6QVPYeg,28202,American,302
NC,1,SVbmyfioykMujIr4GZ0ziA,28205,American,84
NC,1,XT-fHTsLouy0KDdX0m1B-A,28227,Asian,5
NC,2,I7pe2uywirqgBVc2V_sWLg,28208,American,114
NC,2,5bHaoTkL1tYGi8lUVeYHUw,28120,Italian,10
NC,1,B5r7ThTRABAQjEwJtfMPcQ,28205,AllTypes,5
NC,2,m_vaBvaZ8sKgLzDOO67nXg,28202,NightLife,55
NC,1,YKAu04U-xLjHJhQxcL3Aiw,28027,FastFood,64
NC,1,zzgXEteMduykqN8JAUG4CA,28269,American,22
NC,2,daj1XS3M-_56YVhVevncmA,28226,Mexican,102
NC,1,7CiT-PNQirqzDWKw4xKXPw,28221,FastFood,57
NC,2,wCBpyIrn3RfJfS0CZjOQrw,28210,Italian,410
NC,2,0R5W3JfCKW_DT6szm-826A,28217,American,17
NC,1,SdMmB-Yjmj2AlnI1G71AuA,28273,American,26
NC,1,ufXEzi0gr019Iia6OVN7lA,28216,Asian,15
NC,2,h3c8XBQTer_3_OirrvUflg,28202,American,597
NC,2,ZFdzX-jdfVEO2yQ8sEWp9Q,28208,Italian,43
NC,2,Yg72nmS4epd8gyaXKn2o4A,28270,Mexican,115
NC,2,d0j_HjzUYFVuCHNuBPF6DA,28202,American,190
NC,2,y10TI41b1fNeyjCmxmORwg,28203,Italian,148
NC,3,mH3fUPIdmh5ybrmD48pJkQ,28105,American,64
NC,1,h9UyxcAZN4ynvhbfXnZnAA,28202,FastFood,22
NC,1,2XU8BqJ81UxQn8SOi01R8g,28227,Asian,44
NC,2,_YCwkkdiW5KliTK8g8Tlew,28205,American,817
NC,2,6nWbtuFcVxU-2JxHZ6viXg,28120,American,18
NC,1,4OHAM_ZVrD4xsQL7dJKy6Q,28273,American,203
NC,1,8unAqwsmtYQrwCqL1IYx-Q,28262,AllTypes,47
NC,2,eUjHlutl8ti5phHfTQZhvg,28027,AllTypes,201
NC,2,CcSt0qXxpbpqqylcK0KhMQ,28134,American,23
NC,2,-IpYERO_XHBIaVaWGdmPEg,28209,American,104
NC,2,WrQo9ryHWgALuM08knK4Vw,28206,Seafood,7
NC,2,IAjnFU8VeWN9yo5m3NWWYA,28203,American,399
NC,1,N-jfUfIei1WP6ceQB9oRCw,28217,American,23
NC,2,Cbm9WtXkOLcQ6u35O3zFOA,28217,AllTypes,439
NC,1,kz_-Z9x1ffigBckrhrYpKw,28210,FastFood,109
NC,1,Q0070Z9KMleHbc-uI1e5MQ,28227,FastFood,159
NC,1,nDMqBGHBmdjHapvtjBtkwg,28203,American,670
NC,2,vWU4I-1g-Cf9w-aWeNCuRw,28205,AllTypes,208
NC,2,vtx6CBAGAMq_vQpSyXmZaw,28269,NightLife,28
NC,1,1qgy9kz5TQaTm-9qcoATwg,28210,American,56
NC,1,auY20UqUcNCA3NovX8NnOQ,28204,FastFood,120
NC,2,CdihJLYPU5TqhQpxbuuO6g,28105,American,39
NC,2,csdg3ZSLpI9PJmb0esKBnw,28213,Mexican,69
NC,1,C3QfGqD3qjWUbwBOkEjqSQ,28213,Italian,3
NC,2,zu6wQBMMWDqaksTZMelasQ,28027,American,532
NC,2,yjL8-WmQMpweDNGArchAOw,28208,American,54
NC,2,KZ3FKcto4dZz0c7uoRSV6Q,28277,AllTypes,70
NC,2,ziWLF07wbG5Z4lQDZCZ1nQ,28262,AllTypes,144
NC,1,7PMBV_jpjiUvdoZc-i1uww,28214,AllTypes,14
NC,2,uQ1A9spWBHXOQhSF7y3Nyw,28277,Italian,116
NC,2,EZU__cpyxahCBzq6VAfZIQ,28217,Asian,110
NC,1,hdm4v0WEiZZTttlUnfJy4w,28105,FastFood,11
NC,1,iDvGxQiJegcYlf0vJxZV-w,28226,FastFood,45
NC,1,QRLo5dvsir_0-Xi9BrHcjw,28205,Mexican,14
NC,1,akYe4za4jNTJbBKqF-KRBA,28210,Mexican,52
NC,1,DWpHuxLVW6tVldtMkzplQQ,28202,American,112
NC,1,xefCNN_NNtCgVS9YwbfEmA,28206,FastFood,3
NC,2,qWzxhlUq472AlcFTGNlhZQ,28209,NightLife,284
NC,2,HswqahLE8_fuourGE_UPVg,28105,NightLife,17
NC,2,0Vczk_zvQgsUGTrnBzfIZg,28202,AllTypes,77
NC,1,iXaFY4gU6t8mZmsn1dtRog,28277,AllTypes,17
NC,1,BACegmBxwZYKFF_EFYVu7g,28012,AllTypes,35
NC,1,mczKI5f_Y0pZ5dC0vIy45A,28027,FastFood,51
NC,2,iMFJhOX9-1Mtg_GX_mUO8w,28208,FastFood,331
NC,1,EfyrtoGJSjwiYoHIJy9iSA,28203,FastFood,42
NC,1,0pikmKdTttjRlDHRS68z0w,28210,Mexican,56
NC,2,LglK3yMnn1_khmKUSL0FxQ,28202,American,39
NC,2,cbBNL7Q0CIrIRkFkziMzFg,28277,American,305
NC,1,KQRDftjIbGy2X2HVwm7ytg,28262,FastFood,43
NC,1,COzxp1zY_Eb8eXMOMlJwXg,28206,FastFood,7
NC,2,vegdbMOoB5x4LQuHaXxcyQ,28262,American,22
NC,2,bXAZiCdqb_nubP0pxIhXdQ,28134,AllTypes,68
NC,1,lqjL3Kn6FZnGp8vTm2rdyQ,28210,AllTypes,11
NC,1,lRhKubuHbjKjEm07o-oxBw,28027,Mexican,3
NC,1,nCv2hQH-j7zEMIU1fPqvlA,28203,American,135
NC,1,KvAUvcVv9Xsb1-uX8dz9LA,28217,AllTypes,27
NC,1,wQpuiK5Gg0G205Hneu4q0w,28104,AllTypes,37
NC,2,qQFV4oWaOCSHNLEu07tjMw,28277,NightLife,180
NC,2,4eWKhiixHQcEvQpwIPvT0g,28205,AllTypes,439
NC,1,fRXQncRecryQrd773p7RDQ,28214,American,23
NC,2,H8rjGKW1ytYadJj0C2dkjg,28210,Seafood,92
NC,2,CX3M9kbR0eDm0HZJybvRBg,28105,American,4
NC,2,cRkvp9Pzcpd1ROEB9MRTbg,28204,Italian,86
NC,1,bgOVREi-uu2UJUJXm-6LzA,28246,AllTypes,6
NC,1,sHNi50NSUkwOtO28Y60qvg,28277,FastFood,18
NC,2,iWYC_DYEoNN24ZV2P4AVJQ,28226,NightLife,166
NC,2,INmNgf05BuhP0AlxMYwddg,28205,AllTypes,8
NC,1,X6fm6mRM1vuWLgvEy5VoYA,28214,Mexican,6
NC,2,02sOq3KVhvbOzFFmkC4Qtw,28105,Asian,135
NC,1,WzWTE_TNv4XDkN7m_KDWxA,28204,AllTypes,475
NC,2,t66ThF12XJVpGpnnem-GqQ,28277,American,163
NC,1,ZyO8YM_g-_4Wiu8eKCUjqA,28277,AllTypes,16
NC,2,19-p0nsbAhxv2mlpefC4Qg,28202,AllTypes,19
NC,1,i-T1EMwEZtz18zkY-NkQvA,28104,American,14
NC,1,Ggrdbf2ionLPquxnuscDsw,28216,FastFood,14
NC,1,WGi8SoROA3J1OeVwIurmHw,28262,FastFood,152
NC,1,C7EonfwiWEOVpwuGWchJSA,28262,FastFood,36
NC,1,mpcOh0HzArc52cZVWQSnCg,28203,FastFood,70
NC,1,O-NqppZZm1rQGmq3ncBPBw,28105,AllTypes,5
NC,1,9BDhzID4YFmtXc8ntYkcVA,28208,FastFood,27
NC,2,sAg_sLbFfdtNzvHaMm1KOA,28273,Mexican,12
NC,1,GHjhzsmGO9LhljiYqRq2rQ,28277,American,60
NC,2,ZtTFN5WeYVYqey1-mxIxmA,28203,American,249
NC,2,6M9tjZCPNJ1nNM9-ib8CgQ,28273,American,172
NC,1,Rmoa8mDitKD4nDrpN50sig,28273,Italian,17
NC,1,mCY4J3fZHuhpE9nUAQ0_6w,28204,American,42
NC,1,ngCRSblkhes9AtGPj9_reQ,28208,American,10
NC,1,zFXEy_jlNHJ3MaZpyhvqGA,28217,Mexican,7
NC,2,foUl4SFiClz_5yP3dy4yrw,28207,American,158
NC,2,0Ayzd0haow5Ek3CdfZg5bA,28208,American,60
NC,2,frgsKRMjvUyrQjx7M93KUg,28277,American,156
NC,2,sgGicoitkoAjq7gZPzkFiQ,28105,American,90
NC,2,kCMqt9gHw1PVvESbWgC0sQ,28105,FastFood,130
NC,1,oUF61tCSUlnXRQPKZR3DYg,28208,American,12
NC,1,5HhX4bSsIhbeuDoGTqEcgg,28277,FastFood,74
NC,2,3-2yz7oIwZVMl5JNZSqLXw,28205,FastFood,99
NC,1,qb-JO1nP341EaHG9qVA7_Q,28012,AllTypes,3
NC,2,ni6tsQpBjDabeTpGCeb0ag,28105,Seafood,33
NC,1,fatPz57AIqmbCIOAqIwQ_w,28027,FastFood,14
NC,1,8xizmZCds04qmKdCJEw18Q,28211,FastFood,7
NC,1,ap1F9dQZn8KRZFjWRetLew,28277,FastFood,50
NC,2,a_nf5aYi9p4xDmkB9Xu4xQ,28227,Mexican,26
NC,2,yX-EnpnvPFjz9J-eCT9-2g,28205,AllTypes,98
NC,2,O2c6M8VB3m8tR7zE7khxmw,28277,FastFood,4
NC,1,CkImMpjQrEOjyohxzPbqtw,28269,FastFood,38
NC,2,zqA4qJnFaVHrHJmOmQtzNw,28262,Asian,72
NC,2,T1ucnWtkgIcoK7LwPZUEuA,28277,FastFood,83
NC,1,9fcSfDo_U0q0u2DuOo7FgQ,28205,American,238
NC,2,COquqpjSuZuUi1IbblM4Ew,28202,American,47
NC,2,pLm_fB5wxWG06pYRsybNvw,28277,Italian,69
NC,2,bjdCWCvMcZ5ZYZ461LBcZg,28262,Asian,36
NC,1,-LSe47iB69VM1NaipPeRMg,28280,AllTypes,7
NC,1,fvhYJGFHWr3frUW6jZl97g,28027,FastFood,209
NC,1,eSzd3NNX6rf-qrLNP91OOg,28273,Italian,49
NC,1,a5TniXbIfKFZKo_dVYkjgw,28105,FastFood,52
NC,1,HPJXAmhjM4EfE5vJ_uIr6A,28209,AllTypes,8
NC,2,rQ87T7pvTJ4H7K-vYYTQfA,28208,AllTypes,120
NC,1,8ObIrduWIFbCM_zM7I75Wg,28273,FastFood,9
NC,2,FhRQSkZwSYVJKIeDab4Dzg,28216,American,129
NC,2,8uKkh5g1SFKXKW0c5u4rzw,28217,FastFood,28
NC,1,AlxZVcq_DOobj6RwTejrXg,28202,Italian,66
NC,1,zVtUCRpaMgGerHFV9jkOIA,28105,AllTypes,141
NC,1,rXieMsTWhz_RS2IxxgnSbQ,28078,Mexican,149
NC,1,0zhe1C7G5lZNbd_gTyPilQ,28202,FastFood,29
NC,1,wA1P0SK0LjRwPy8JBCR8mw,28217,Mexican,100
NC,1,383qWVMlSLxZdEKYE2aCXg,28104,American,34
NC,2,TerqRmnDLmqwNFyHVLbmkg,28226,Italian,61
NC,1,U2JW2qOGnjqPhREgUR__XA,28262,AllTypes,40
NC,2,w1BaqkvQ8R-0aEcwvnnG1g,28277,AllTypes,5
NC,2,--pOlFxITWnhzc7SHSIP0A,28211,American,215
NC,2,HdPfaTXxyWhiefTSurx3ZQ,28262,Asian,20
NC,2,tSg2obMM9BsSwPY1EFaHig,28213,AllTypes,15
NC,1,5pDcg4TpMSyP7Is50LBFoA,28207,FastFood,47
NC,2,4NA8eVNA-41mcUK_QZYu1Q,28262,FastFood,46
NC,1,tXeXtTOvVLm_xGgaMEuoTA,28205,American,18
NC,2,jHAfKpTlY1LdpM_QgJO2yQ,28211,American,107
NC,2,vr8SXJqDRAtQ4EVHLktd3g,28202,American,12
NC,2,UftBjKdS_q7x9z8l8ULJZQ,28209,FastFood,241
NC,2,lZ4yGHhZrefttO3ZM88oBw,28202,FastFood,331
NC,2,BIRZcL9xJHe2VdUTmITHQw,28027,FastFood,48
NC,1,dZO5sijj4hUwhV2z9meh0A,28202,Asian,35
NC,1,_JPzBYy24mIK-Iq6xv460A,28202,AllTypes,19
NC,1,lEOzmm_S6ptr9-JVwd4LLw,28210,FastFood,19
NC,1,s4S0BJlgW7eNpt4JqeMRZg,28226,Asian,32
NC,1,3R_AAO0AI3WkR9rti5Rvpg,28104,Italian,23
NC,2,dhAzUmAFI0KY3L--hXwMhQ,28202,NightLife,192
NC,1,RLb2QD5xjXeh47nwTWCp4A,28217,FastFood,7
NC,1,ugnkhOtu4bZziV9JJYWN0w,28217,FastFood,7
NC,2,GhgR_497U6hXKqPGmQKKMg,28210,American,53
NC,1,DO3XP1OOGqaGycUcSdtZ6w,28202,American,312
NC,2,_xczdepRHcB-4RktSA3xgw,28227,AllTypes,33
NC,2,MSePTzl6B8boCt2I3hgkMA,28203,NightLife,40
NC,2,Cn7By8dVw9xU_c2PnAYE9A,28105,NightLife,85
NC,2,Oa2dOUzRic8Hvgdh3EAFuw,28203,Italian,117
NC,2,tNXmUsva1BUEg5tTh08Png,28134,AllTypes,14
NC,2,rt_ILnt00CGWeleTr4CxlA,28202,Italian,93
NC,1,QDSPPfiwdCDkmpqu3Sshbw,28277,AllTypes,105
NC,2,Z0fLf1PQ1-KuF2Bb2vG-Aw,28277,Asian,219
NC,1,qOwuzNIM1tfY65MPOROmBw,28273,FastFood,34
NC,1,XGq8HDuCs6iMFaSttZ5xfw,28078,FastFood,44
NC,2,0AOXM-nZqXro6LAT4EKqpw,28277,Italian,176
NC,2,w2Mp69i6bKxhtl3FeQU0PA,28277,AllTypes,35
NC,1,6zEje3dvGN9lZg7oOhQxfw,28217,AllTypes,3
NC,1,nMu03dHOqfm1m9jEVg1l-w,28105,American,148
NC,2,i1YBOjQIG8XKQZuNPn1IKg,28105,AllTypes,48
NC,1,BW52sBPn1Hbeh3LPsGLFtA,28204,Mexican,699
NC,2,Iw_qZEDbHv9Jr4eC_2lfKA,28211,AllTypes,471
NC,2,uWac2oaYNOjBuI5a_5fq8Q,28027,Asian,158
NC,2,NL5HvWNxEx-9n_hagvxpeA,28205,NightLife,33
NC,2,cE8IX3c8V47cBou08KsklA,28213,AllTypes,10
NC,2,rffwxi_9qxrp20sHtEAopA,28277,Asian,82
NC,2,iy8WqEcmkVygsJ--QMK0Zw,28012,NightLife,51
NC,2,UTQmQNK82mBnRYmPLdK6MQ,28216,Asian,27
NC,1,9g0uiT69i5kcK_6hTPI1zw,28273,FastFood,15
NC,1,o3zG1_BPxpcNAsbqDgCjjQ,28277,American,20
NC,1,dllnxstabJ2rL2ytH96JPA,28226,FastFood,61
NC,2,fH6GxDUazIaEhz15TiFC9Q,28202,American,133
NC,2,6hkBh8U1iYrZHofoUykUgA,28027,FastFood,155
NC,2,jawWFUtSkemeqmqAxnAvhQ,28277,American,163
NC,1,xFw25DRFCY9W7Koc07xWpw,28216,FastFood,3
NC,1,jEyv3Z9DzhKZ_ko5SmmJhA,28079,FastFood,23
NC,2,2Nf2NqvfkrpCecdoB6-e2g,28273,Mexican,9
NC,1,HbtBWBIVGuwfes3grNM2Vw,28104,FastFood,24
NC,1,OopcnYw8obDsJc_do6vZOQ,28210,American,46
NC,2,5nws-cXSlaCAGoGZ37bQGg,28105,Mexican,35
NC,1,tsMhwVIQciCs-fy0ruFAng,28211,FastFood,33
NC,1,N8B8NLN29aDTQhATGZnqhw,28204,American,44
NC,1,oy1xwZL10JbATzRduOGB7g,28262,FastFood,4
NC,2,t3OyEIDjxX04Xl6KPAePgg,28226,Asian,13
NC,2,4jl0_Ny3wForCqs06DRzRg,28105,AllTypes,96
NC,1,fYlUfOfQarOIIjjQDeq6Lg,28262,Mexican,40
NC,1,RaZbpH72mw7uGzpOypAYig,28277,FastFood,13
NC,1,3BLfy6cbqF_tZt69HjXD9w,28202,American,171
NC,2,Oi6yKqB_EJFwSM3dnZphpg,28105,American,55
NC,2,a01hFcJmzxnfaxIUpAWIjw,28209,Italian,177
NC,2,b2V26WaTcJJgGxiAMBODAw,28217,AllTypes,90
NC,2,phJiywlkjztj9jQETBO-Uw,28277,Italian,110
NC,1,-pmmu39MjTD0ht6Jjf-gmw,28105,Italian,34
NC,1,uq_cgrcgLzDN6NbVWXHHgw,28277,FastFood,250
NC,3,P2pcwETgQ_adKXyso-SJ5g,28211,Asian,141
NC,1,DCr2GW5hIshIooQ91diaSg,28134,Asian,6
NC,2,wBphITYkmX7OFQ-QLTX9lA,28277,FastFood,170
NC,1,nSv-Ot05l--HHBmvtMyt8Q,28262,FastFood,3
NC,1,HfyLwcRwzz2RbdzNtIJh0g,28269,FastFood,25
NC,2,noX7tQCO-zYkJxVqoZ4u8g,28277,American,99
NC,2,jkVbWn8ILGFOPzp4hNb9Bw,28202,American,38
NC,3,RXRCqBXn_DBO7I_Fmfgfpg,28277,Italian,4
NC,1,aC5tYGPvkuN9on3_ssbv9A,28270,American,7
NC,2,r3KPqSZsr3ZL21NMbnAwWQ,28202,American,96
NC,1,sgjnJ0vgR1Ci2BwHLF7qhw,28215,FastFood,5
NC,2,VJEeG4WT3-jc3CT-WtZ9RQ,28205,AllTypes,6
NC,2,NKyOOV0iOQt1l892IzJfpg,28215,Italian,5
NC,1,RFD9YIpaeGLxzmUIGOJbWA,28202,American,42
NC,1,YKEoIFtS324Xn0NG9D2Mqg,28105,American,6
NC,1,GNnD7q4ACXi8GCv7x_Gifg,28216,FastFood,25
NC,2,Z4VFRu_1W4VTQdHi3vBsgg,28203,AllTypes,68
NC,2,m-6sg7ILvIl9JVUjdRyINw,28269,Asian,125
NC,2,W9-6X8ApMctzbEEv0L77qA,28205,NightLife,3
NC,2,yT6eYxCAGEgCk4DnROvzNQ,28105,AllTypes,12
NC,1,qkeqtJVAkqpK4ctGCOdyVg,28205,American,15
NC,2,2pjLeLgjPJYelEiuWFYB-g,28211,American,79
NC,1,agvoaiqarJmYy6du6IHFdw,28027,FastFood,21
NC,1,arqs_2jp70hxFmdqF6140g,28210,FastFood,8
NC,1,J5eWp8-VHKt5BLeFipSUdw,28210,American,62
NC,1,NIBS-T2hGFn5smlMAzU8Eg,28216,AllTypes,4
NC,2,rd3PEVYGnW3BOzC4z5oLKQ,28210,AllTypes,82
NC,2,xkKpuYznFSjqX91D4aZfHQ,28208,FastFood,125
NC,2,n4WSlbWa9rDNJk4uUKTpsw,28202,FastFood,25
NC,1,dep75TgD7HUZ2K9NYNRqgg,28202,American,42
NC,1,mX_Lpoen3117PmNP646rqQ,28202,Italian,13
NC,1,l9QnSzTOG8aKjksyNOTPWQ,28217,American,40
NC,1,IH4Z8izINZnewZ8Wabva5A,28204,AllTypes,50
NC,2,HK8rS73FGd_YA2oIRFKH3Q,28277,FastFood,90
NC,2,wf1wLAnFhxWRWQ7mzaYexA,28203,American,354
NC,2,EysktQ4NT0hhsvRJC7DhKQ,28205,AllTypes,12
NC,2,NswJRDwk7DyJFgjEWDAd9A,28204,FastFood,140
NC,2,bgBmyT2MZs-do8WFxJuRUg,28262,American,83
NC,1,nKZGZElAoCOII17e2xpXDA,28270,Asian,7
NC,1,uHeIhaozBhVKLO-bIfTgfA,28226,Mexican,33
NC,1,ajtJ9D2MCGOj81cld9KdeA,28203,FastFood,14
NC,2,FIldv1JR_LPqg1Xxk15TGw,28134,AllTypes,79
NC,1,ihEq4Q3iwrRr28iELQR0xA,28217,FastFood,69
NC,1,O7wbTu7MK4PM1ctRhtn-sw,28262,FastFood,43
NC,2,y2FMWeHfbxQADvcdV2ja2w,28203,American,533
NC,1,kYIF0DdQLxolA6sYFHHoig,28216,American,60
NC,2,-UIzHV-kFbb0YqA-jbfIDQ,28214,NightLife,25
NC,2,xJBX254ljrqlliVpFv3I8g,28202,American,36
NC,1,-Z3V-PVl038reSinnyefWw,28208,AllTypes,35
NC,1,Ng4RTC2nw7B1U25UdrMIXA,28104,American,7
NC,1,ExaVbfbM2en7MCCI1_qYnw,28203,Mexican,98
NC,1,qFpN1aaQMySzo-Hq-YYlNw,28277,American,116
NC,2,WJJFtykb2VAlKAkwsKhy7Q,28202,FastFood,148
NC,2,fQ3qIzyV44E0gIIWdtaUow,28105,AllTypes,39
NC,2,aVumvC9T3_X_cXh6mdrgWQ,28208,American,10
NC,3,slndywABScVDVUZYBS56lQ,28207,Italian,58
NC,1,hLA68cPbjMPaN599X8x1hQ,28105,AllTypes,52
NC,1,7n1Bdi7FBAD2MarrRy-ecQ,28208,Mexican,22
NC,2,h2fqHWVr6jmjqpwr3gELzg,28269,American,15
NC,1,zo8vy4HtpJl36MEUeGqGsA,28270,FastFood,3
NC,1,50TqjFmNyZqOgQEo1oeSaQ,28208,FastFood,30
NC,2,skZlWeK3P63VtlXXAcQ9KA,28205,Italian,145
NC,1,eC00lYO6VrAh_37XBYY4_g,28226,Mexican,9
NC,1,Y20ujp5YGJP5P4aWt456Cw,28273,Mexican,22
NC,1,o46H8M7GFOpphAWUO-Zx1Q,28213,Seafood,7
NC,2,stPGLQ8-zTCnAWcp-PgBGA,28277,FastFood,86
NC,2,KQof0faM47VWDoZ2BnwLIg,28203,Asian,44
NC,3,_4_Qn9WZVwofeaqjgQG2Zw,28202,American,196
NC,1,dt2JuMHepQgj07CtYqRLeg,28104,FastFood,18
NC,2,j5unzmdCDtkJyFrGPEF1qQ,28262,Seafood,35
NC,1,jQFGe3V9Nhs2CCEDkkNSDw,28227,Asian,5
NC,2,7SQRzfxsgeOPUEMOrJhMFg,28202,American,48
NC,2,f50FVbyXd8mPDysXTp9F7g,28105,American,25
NC,3,UWO2DlgF5rtnwsuluZCkJg,28216,American,34
NC,2,8Q_xQUTC1ZrBwWOlv7yCOg,28204,American,231
NC,1,MvMtfAjPb-u9dtvaZw9mUA,28210,AllTypes,37
NC,3,yF47bohD6GalW2R_JotZUg,28207,AllTypes,19
NC,1,R_OV5tjnajV2w4JsDM2juA,28262,American,42
NC,2,wfwIbtSalxJ7wlzUVDYFsQ,28210,Asian,73
NC,2,NkLcl20WOntD0cBp0yfjeA,28215,FastFood,6
NC,1,aj7NCTh1yVAPeaAuwWVydw,28227,Asian,8
NC,1,n2iWWQUFE8h11VMmb0Ib1g,28202,AllTypes,78
NC,2,y4Sf4gRZ_oYBLmwjtr1TUg,28079,American,9
NC,2,LloIdJMbazf7EGKI_K0B8w,28277,Italian,41
NC,1,sdkHQSN9vy__7ml44jvlCQ,28079,FastFood,18
NC,1,9weIbPadBiG4l5zCJAVpGQ,28277,FastFood,14
NC,1,d7f08UPNjON0LBnyCMfYCA,28203,Italian,9
NC,2,nKJERtWMwBF-eL3skiRiBw,28203,NightLife,48
NC,2,VU9WjRX0DfqodzAt27Z4gg,28273,AllTypes,9
NC,1,zhYjsLg01y17-oEHN6AFPQ,28202,NightLife,32
NC,3,oG7o3OyLTIfhZYtKYI5xhw,28202,American,45
NC,2,kET-QVVfV0nzqXipSULG6w,28202,AllTypes,74
NC,1,dzAJF6U4_l13XniKOPsWrQ,28027,Asian,45
NC,2,5gwk3RnooAftbzjjIsIkXQ,28204,American,4
NC,2,DMFYOSGcCliMFb_FAwQnDA,28202,American,213
NC,2,Txf_K5gcn3tfiwUWG6-PJg,28120,Italian,11
NC,1,3E-xF2ye-gU_HCpdZYlVfg,28262,American,8
NC,2,NQCUToLtPzvqyp0OT3pFJQ,28262,American,48
NC,1,7_CUNHSt93iZ396fh4kpuw,28211,FastFood,61
NC,1,ncrkmZc8VkcBjmjN-BDHBg,28217,American,5
NC,2,qHWMhZDU9_cXfaNCwG-sAQ,"Music Factory
Third Ward
Charlotte, NC 28206",NightLife,46
NC,2,BWRU1OGnkjQvqSDvrR1FnQ,28262,FastFood,38
NC,2,7vs3ealcrQfPH8xYgAek2A,28273,AllTypes,32
NC,1,NAG_v7sl8SNAcJdCNvQQ1A,28273,FastFood,30
NC,2,-wPCXTp-dagJvJY_iYzKFQ,28209,Seafood,30
NC,1,IoajGeQ7CLb9Dh4WH6j-lQ,28208,FastFood,47
NC,2,X21MFby16iSYdyf-Ywa6pg,28277,Seafood,69
NC,2,TbFwkVkKuhl0TBXN85w2ZA,28205,AllTypes,37
NC,1,fKoyvPd1eJOa9EcZ6sk4gA,28205,American,28
NC,1,d-BJXFy5-yEjPz9eP2yWgQ,28210,AllTypes,10
NC,1,Ytd34MWCwHzTBGH_Qf52WQ,28270,AllTypes,5
NC,2,0Pld-vw_vixjIPaI9G2EPA,28104,Asian,4
NC,2,EJHWMVmQHiv-2t7c6RV00w,28202,American,45
NC,1,mwxcQ1wR58HeBGF3LRTs3w,28104,AllTypes,3
NC,1,tdfJIAwKe0vyhyX0pKLxCg,28202,AllTypes,70
NC,2,-6j-KVPPX2xKjCruNO2HnQ,28209,FastFood,35
NC,1,zcz-j8EiGyClxrzZnBMieQ,28226,AllTypes,21
NC,2,uimRcvvt297N3Ef2hoqdfA,28277,American,14
NC,1,A9zq6dBgeRptXH2TsvFwOw,28012,FastFood,7
NC,1,olS4AXQTzT1OFx3wKAYv9Q,28012,FastFood,18
NC,2,P9JSjSIJ59d1ljbgtVUSXg,28105,AllTypes,7
NC,2,vFOgPc3Ib5wzejPhGqxM4Q,28217,AllTypes,186
NC,2,BqB7P_2SkevtNbWoIY5kCw,28203,Mexican,123
NC,2,N3zrgORGPLCnSlMRZTFbCA,28205,Asian,122
NC,1,PJuKGK3bKe4is2N0XrGFgA,28012,FastFood,20
NC,2,bfANvTlrA7cpgiRoYjAc0g,28211,American,31
NC,3,qsBypA01WgHsNc27OpDh6w,"Music Factory Blvd
Ste C-1
Third Ward
Charlotte, NC 28206",AllTypes,35
NC,2,1kdy1So4IGcVlglJtsfDeA,28273,AllTypes,10
NC,2,41PpH8THYsCDvhE57RTDEA,28204,Mexican,27
NC,1,gn5wC5MV28nF1LbkyMUamQ,28278,American,9
NC,2,RVNKewAqtl-LDFHGWFptfQ,28213,AllTypes,7
NC,2,HoXI4rnBrNP-7jngsmnnQA,28262,AllTypes,35
NC,1,c18sHlZzNyrBM1wk88RZbw,28273,FastFood,15
NC,3,BSarxqA5A-FsiBxG4dDCdw,28204,American,30
NC,2,T5dnODMsEXydjfX4lcH2XQ,28277,Asian,11
NC,2,9PusX3-2EKqB-yMdQqMU4Q,28203,AllTypes,17
NC,2,hWhkm0CBERtqa-EhTmpecA,28210,American,42
NC,2,xYS6JehNFXLET5ZRdN4E3Q,28204,NightLife,3
NC,2,rlRU1FtfYxMIXYHEjCUbjQ,28205,Seafood,6
NC,2,XdmkYETQdOr3n_grt6L2zA,28207,Mexican,17
NC,2,v6eGlG5bHeKliqMzHgcFaQ,28211,AllTypes,33
NC,3,K3oZnd6TVKMkef-LnLZYig,28277,Asian,7
NC,1,IFMGpLaESxQwoO9H4yp59A,28104,Mexican,9
NC,1,KdZMrO06w46riI5r4wjweg,28277,AllTypes,38
NC,1,2ew7Ol0Nxbk_AGAtHXnnMA,28208,American,39
NC,2,NETaLUX6PH9lxLCwzNgq1Q,28269,AllTypes,6
